max_kl_shift,time_kl_shift,max_level_shift,time_level_shift,max_var_shift,time_var_shift,x_acf1,x_acf10,diff1_acf1,diff1_acf10,diff2_acf1,diff2_acf10,seas_acf1,ARCH.LM,crossing_points,entropy,flat_spots,alpha,beta,hurst,lumpiness,nonlinearity,x_pacf5,diff1x_pacf5,diff2x_pacf5,seas_pacf,stability,unitroot_kpss,unitroot_pp,mean,var,nperiods,seasonal_period,trend,spike,linearity,curvature,e_acf1,e_acf10,seasonal_strength,peak,trough
0.249407264033502,92,0.475483474925439,82,0.0737639618333749,80,0.949768986442751,6.96491362355084,-0.467255785003243,0.291189289128704,-0.674867660257662,0.616756455068984,0.67762876546661,0.862243733143804,5,0.043487886774265,9,0.000100764231951603,0.000100760151725817,0.999540855992535,0.000177033525372698,0.24108444902358,0.959249263033348,0.470727618687199,0.95073256782335,-0.00840528653301513,1.05985335436641,2.48844186668366,-1.1492121112075,1288.57265240057,59938.1541343933,1,12,0.975827661604714,1.77397694356232e-07,10.861299149558,-0.0370989218802395,-0.0274871830627623,0.0718080703156792,0.0360927186629389,11,12
0.265398410356274,37,0.464239252022119,28,0.0402557492073068,4,0.943894290531367,7.00256495406655,-0.570649668495773,0.377089228261845,-0.709935233029221,0.601346065235501,0.684182806462693,0.834102549868196,5,0.0524625776973899,11,0.00677574386969586,0.00677574359162361,0.999633431282071,0.000161976410314324,0.36279073864872,0.960607246521847,0.494569886316485,1.09591372209935,-0.0425819458674353,1.06192923616021,2.50097683640571,-0.801963119118276,629.089607778265,5436.59171354801,1,12,0.976833786275988,1.60283775304267e-07,10.7478875717621,0.117410580790979,-0.145964337499792,0.104843295395058,0.034076466745749,5,2
0.362158190422738,96,0.500892986464772,38,0.0580703546091156,31,0.945873819634976,6.8823441706746,-0.433453012697574,0.38614827152263,-0.586155819656197,0.577797685438263,0.678976703681696,0.798413350628463,5,0.070639393824859,8,0.000100008413344477,0.000100006468892726,0.999509714829164,0.000279237455579259,0.439387457742227,0.930156825635235,0.486244617335623,0.798271691383492,-0.0937898909866372,1.05327377020069,2.49051236052662,-1.15490086754355,1031.77389035546,35850.1834852746,1,12,0.973395734670916,1.30184580887184e-07,-10.687837294658,0.165416268915894,-0.054319868358655,0.14395354365338,0.130041298537656,6,11
0.933526303997801,96,1.07795113904039,97,0.0679997404487835,91,0.941712768044379,6.19553317720446,-0.430400213775856,0.292121006058152,-0.638511185865513,0.542092489829966,0.575421840089345,0.950805870579048,17,0.316849101189255,7,0.0263423221657812,0.0263423038906594,0.999859983208964,0.00171784779934219,1.14236612901035,0.920911768004966,0.322447439851704,0.816182671042355,-0.0492607131921141,1.05144625605627,2.05566278346707,1.81543512500855,697.563482193175,21842.5841507168,1,12,0.973804762864021,7.58554779927031e-08,9.6476046558646,4.65422982169955,-0.0403929465579223,0.205719307354871,0.0856762916410352,3,4
20.2429582173022,108,2.45861055666992,98,2.26752189421503,98,0.777311647650767,2.10133202431352,-0.437523442121005,0.241597575194975,-0.709085955648426,0.584292044993355,0.0716204179810677,0.976156172577779,53,0.558341363720481,12,0.284647646049304,0.128153060276647,0.99981416052564,0.498973286916542,3.35712014464698,0.639060660769728,0.242867917867887,1.06771677071503,-0.0773159451959223,0.793682040040884,0.917133043757875,9.87666483948214,524.403312860525,1612.56338696233,1,12,0.902570395364006,2.44208667177779e-06,6.30848277614151,6.26951715457868,0.0742371892870843,0.0791282585660158,0.0439287462562614,11,5
1.61482663441829,103,1.21603650499031,98,0.128013638637896,88,0.922171413200034,5.93300786374747,-0.63799518876069,0.551578271646635,-0.770396948585206,0.832665537260665,0.533849694831345,0.965124057554098,15,0.312986280788167,7,0.0970701233963386,0.0777593972195873,0.999913464864144,0.00256545959213163,1.12570178600782,0.951922152977734,0.508515896670559,1.19654823775369,-0.0918008281652,1.04262526315144,2.00044073603174,2.78289909983783,1179.8762913763,30943.9125306289,1,12,0.968939377529315,2.67497332166406e-07,-9.52568547604064,-4.92443706477091,-0.317148146360746,0.157342211623278,0,2,3
0.263419580609468,54,0.581190176012907,45,0.0482934965437169,54,0.970271312320006,8.00458023051863,-0.418731333406284,0.302716863929645,-0.60548315088269,0.547003054889864,0.764107970993216,0.845027654030862,3,0.281195441683517,19,0.116413560260009,0.0326997317985322,0.999292220723359,0.00019430700497963,0.556128243752033,1.02564401976132,0.416793463275382,0.920257972649346,0.0226742175415529,1.07817239519115,2.47151183645364,-0.695942166401761,408.800411840224,9998.48215353796,1,12,0.987257084644996,2.25838034297918e-08,10.635636587908,-0.523935704272603,-0.068550036393095,0.14898218314772,0.0640427902894343,5,10
0.805810565152688,48,1.16828280211874,39,0.194014287838198,29,0.973471315807921,8.12604922023866,-0.550010271172205,0.486299476087982,-0.783735275231779,0.920873887012351,0.764560515345308,0.830133770818563,1,0.235630556611668,9,0.189322689458588,0.105007344818124,0.998951448324827,0.000683046413555448,2.72660865120573,1.06672414644999,0.316044557880186,0.922774765194619,-0.0233748035884976,1.0789595974231,2.23461933902923,-1.34444939407925,425.616602127972,5072.44913280741,1,12,0.990135355498666,1.2370793931628e-08,9.89466523447868,-2.17507429466602,-0.0792910427805256,0.16985545865557,0.127700107117282,2,9
0.207883210408264,60,0.580606091628473,50,0.0441211470372887,59,0.967844815098166,7.9231757987211,-0.443358829180465,0.3406331394236,-0.630091435475087,0.603814876748694,0.76172599109296,0.823469669124829,5,0.214550959675885,8,0.0254037543606317,0.0254037454136972,0.999361486619143,0.000190065851485112,0.579907566385918,0.985650851572762,0.408479946348145,0.970906370496392,-0.00853628750982277,1.07273178676724,2.47598160102429,-0.370481214957955,667.84096711991,26349.2060614773,1,12,0.984759468536562,5.23095330716642e-08,-10.5737321602867,0.235270298110398,-0.0505628035101314,0.191825739236261,0.0674458069396935,8,7
1.89278692758625,83,1.1497769481996,73,0.164161143920866,68,0.927730031989939,6.27573811527552,-0.470736512482885,0.459893424828273,-0.684410766045927,0.840675291782376,0.555071576199271,0.900075645115055,10,0.249087734739929,8,0.239110235941403,0.0461873755458088,0.999819270755142,0.00225172299133389,0.311971007566915,0.977938857526527,0.313102745042185,0.982840494026132,-0.0757576219902782,1.01736140662396,0.81355388525124,0.500049989391866,17.3788959248814,7.33403589420383,1,12,0.965960389979358,1.58693473037559e-07,-3.98202113294473,-9.21928628363567,-0.105851596785858,0.167159879902833,0.112514778064977,9,12
1.24537880903207,12,1.14561443001435,8,0.124115970931584,13,0.934310168620092,6.23848836690563,-0.414456954973646,0.202831888086157,-0.626784969296735,0.412296701670067,0.548751156424887,0.81833792341565,8,0.251391442049935,9,0.300361067077807,0.0283537849025112,0.998379456616014,0.00436312563420922,0.289585971397573,0.935688974912393,0.279188845457398,0.976814930516072,-0.0412453726088673,1.02261403328876,0.986193751410086,-5.18201632499361,496.772507906359,2819.34880066776,1,12,0.970750083943039,1.94557135801818e-07,-5.13101940684292,9.21281925800356,-0.036261145157894,0.0667189111876556,0.0735252262537104,5,9
0.522174287748728,71,0.565354978782579,61,0.0827287436420674,54,0.957015126445703,7.45058712389356,-0.496209094134945,0.32840098705589,-0.669697735825779,0.573827993488357,0.71231430098807,0.873877175705166,9,0.0599482243990356,10,0.237323215870491,0.0167566872525898,0.999732735620575,0.000200748374867428,0.839948009903495,0.99943739343152,0.346546419718576,0.836331447447791,-0.00412469299007549,1.07011627947099,2.38593617956443,-0.280881054858623,342.417343423691,6058.90691587156,1,12,0.9787639129325,9.55768936509696e-08,10.3336140626821,2.38647740007906,-0.0759943273597594,0.0671956876748949,0.111649899430275,4,12
0.128161932744778,47,0.423689145393151,50,0.190329662132828,49,0.726668467171758,3.64994155227379,-0.109328493352207,1.25460275066358,-0.250252160514413,1.16295303738343,0.740241468682559,0.698993833187504,25,0.51495673841185,3,0.000100018945789736,0.000100000620220314,0.940447011448687,0.00193529391025845,0.15426817143616,0.921156347012239,0.638999949201256,0.966224679657499,0.189838782641834,0.804028707628892,2.40475321486154,-24.2700689448579,829.594399173341,25193.7361117803,1,12,0.971102751153016,7.87351584208846e-08,9.3489334401011,-0.217580646270067,-0.296894185924405,0.148191572870609,0.925239859501802,5,3
0.0832778428525431,38,0.360902660566682,82,0.22136453838116,73,0.788166944749289,2.83294875259588,-0.240282341386634,0.559535368586599,-0.644791731126999,1.39552731449621,0.75950698895745,0.743659437015884,21,0.508873293571598,4,0.694368440212462,0.000100001558794404,0.99734077439071,0.00519747111970534,0.365264286028854,0.810327154534938,0.28842485085085,0.763919588231319,0.22246828769882,0.685082649402096,2.21711375490469,-18.8298088121855,1263.94333447145,28242.6733712692,1,12,0.974049337717569,7.60000977074779e-08,8.67138845405598,0.219239661368523,-0.194864938848769,0.119712217261028,0.947592541880271,6,2
0.181135795839748,89,0.385176789684635,79,0.201663242954969,26,0.728237441368962,3.03050942523055,-0.404634022303031,0.629182150319667,-0.623727849175881,1.05272547805132,0.751975364486561,0.744059756822873,25,0.344750391247142,5,0.000100004938320052,0.000100004734336747,0.960254516793291,0.00376770142567251,0.0261325962290082,0.734032728938561,0.400174604207976,0.857388501129634,0.264622657235973,0.735299358615923,2.22892975700631,-26.1395086078672,1677.22874001284,116029.460482,1,12,0.970673637932452,7.92080927322038e-08,-8.92442624759496,-0.148338649581725,-0.0400973532461134,0.134640125960018,0.936682374792197,6,8
0.286533647898826,100,0.824727335555223,97,0.199157574751119,87,0.732772450742999,2.76794047239958,-0.135480608751436,0.692716866217323,-0.502588514045214,0.710540466160282,0.681664082047895,0.819083164824248,36,0.502784721515618,3,0.0111263234081627,0.0111263227156771,0.99894695219664,0.0032971779455945,0.179430804484556,0.803528223509128,0.489728839753753,0.68780086979626,0.305214660604548,0.720719393094073,1.97702363819507,-18.8535260110788,1447.899924051,81013.1418395265,1,12,0.973957489387533,7.38689895654502e-08,8.15738060762276,3.91922813619921,-0.173132227350378,0.0593736909078032,0.943592313788842,1,3
0.249903607889463,107,1.49459046522197,98,1.02932146063429,96,0.172553985035478,0.828750377672184,-0.44008605791258,2.82505503799114,-0.510066568439636,3.08883416354296,0.602347522006124,0.710435961169321,64,0.28993011650965,2,0.0346081495907859,0.0346080807123914,0.706109958762667,0.0984064193675254,1.37529792504554,0.576415893615179,1.01851307767241,1.18138537624348,0.311329819272997,0.254440354323932,0.568095927250831,-118.98523323167,844.783971519831,9221.06095760239,1,12,0.872601091577813,1.29798209577031e-06,2.91867542494107,3.19928581402732,0.0803429080978672,0.0778021328318636,0.935431789887467,7,3
0.18339278676147,88,0.844714525651112,98,0.23275264364186,38,0.445190135670333,1.73479376071553,-0.570986650915837,1.41303834396006,-0.733438928543837,2.09939916506943,0.691167623210227,0.803191480157007,52,0.545389567153467,3,0.0110965721073368,0.0110965609538788,0.830141381937943,0.00553967153692538,0.515894815399008,0.624219189941527,0.76299407659988,1.1311767374389,0.516842971274855,0.603997049334029,1.8705377655505,-70.7429777951966,1072.15275967571,33392.8434389765,1,12,0.962963957285423,1.18546094507422e-07,-7.36177266520939,-3.91557034413984,-0.0222484660269745,0.0959619513602799,0.950888650461761,4,1
0.154885314079708,67,0.497144611281967,35,0.14955677520825,62,0.714268504706293,4.12747973055004,-0.35434820561565,2.49356214328705,-0.460867442432482,3.10936341722725,0.802662444545893,0.791424942144067,17,0.487665355383805,3,0.014881422284687,0.0148812697328147,0.944272145119599,0.00244836354310318,0.59531630893334,1.26488983220462,1.10461725623271,1.31965333863811,0.126918371373508,0.774772100062038,2.40484060752402,-27.3394858096438,1192.50576995433,76020.3719253123,1,12,0.984192377711852,2.60456177750809e-08,8.98885374044003,-0.46021518188721,0.0453974193235058,0.139734953417419,0.955382345368493,9,1
0.676469130739259,45,1.00286462520375,39,0.186417328323071,33,0.815527591597704,4.64218111839182,-0.156710481634885,0.883608182569579,-0.542384219007651,1.2377778065093,0.798567585228842,0.689930979578098,19,0.441453603649085,3,0.0381800260610056,0.0381800227586773,0.984493707370563,0.00278018108643943,1.10826095957522,1.0542143642804,0.6088167185906,0.911576465182384,0.3915466648109,0.825758659695371,2.17759453859156,-12.1734852474386,1260.06102582013,45473.5456366366,1,12,0.984586654264739,2.73441412986151e-08,8.60502375567642,-1.82195081068263,-0.0340222008686327,0.121231663528707,0.948619776187606,12,8
0.157863747518963,65,0.480155039508242,35,0.124097695818506,10,0.572405361936884,3.07611963046917,-0.334631990663488,0.90650419857297,-0.463408681105054,0.596807460391172,0.805096239822214,0.80968682231085,29,0.404591373072117,3,0.0135621149271168,0.0135621104514183,0.858301175888497,0.00113671218450768,0.748341891481279,0.885763311844223,0.925541093494775,1.18690556814269,0.566727355536356,0.681012306941995,2.41898818299442,-49.7819561113643,236.666768836971,3206.39246165057,1,12,0.982538135437623,2.95132093125671e-08,-8.42277794115017,0.217125851984531,-0.11953490810921,0.149316989024678,0.969328919192449,1,11
0.647857415288242,81,0.850918852887381,85,0.183157391358743,13,0.504943692746057,2.87611711025079,-0.529707752441015,0.923281733641285,-0.603814239514946,0.912429673830146,0.668924681923606,0.621528925950259,44,0.439486552365483,2,0.0333449334994947,0.0333449305710575,0.859024022811568,0.00484616731478804,0.256677484850577,0.753254491364771,0.911616630334178,1.37809888064661,0.581471848788497,0.712782457972192,0.757948685858759,-64.9036883986915,218.800665277013,1440.91982866747,1,12,0.973345254287727,1.079976210599e-07,-3.07424102768392,-7.76228031070301,-0.0804603757611515,0.0575689791813981,0.946358125628711,6,8
0.240240294600617,28,0.795966126262767,16,0.28904743509415,39,0.575408177568798,1.26188580954102,-0.488636364075821,1.50858475900872,-0.741106916527768,2.85677820712281,0.733548029839779,0.587090657214825,46,0.405285240054498,3,0.0106933836644704,0.0106933414003662,0.906024146936374,0.00858065804131044,0.784829257510829,0.621187423425402,0.442159221554943,0.882144140170613,0.529258166477619,0.478591738282377,0.766882878145845,-53.3673354229868,271.166088163004,1426.61854616952,1,12,0.971611051252421,4.25016121875233e-08,-3.55507452193963,5.91696494108048,-0.129281883633861,0.149024615047763,0.975670428265333,2,8
0.114154871732681,70,0.44929448911358,71,0.154221070374797,60,0.757205372965761,3.23826817134694,-0.277506550916738,0.287346817900296,-0.525199194750228,0.626003939123381,0.771247647966196,0.798673631663384,23,0.524318014042804,4,0.0129408649874418,0.0129408474359867,0.96969444151241,0.0021861950591548,0.110275477960593,0.687421958904427,0.223122434145651,0.751943234869413,0.370610799082615,0.766057758367714,2.05940713953588,-23.8601590272066,141.276214628272,1023.61027964032,1,12,0.983429911051166,3.1372293215554e-08,8.79769658524372,2.14069185857315,-0.174387602516561,0.0734615296172652,0.965587006191291,8,10
0.626478367955908,54,0.860970616595718,45,0.42204155801299,46,0.715627786351666,4.24721336761014,-0.53311655207521,0.338775888603815,-0.697292502010451,0.586932296217012,0.523157934639471,0.238970785574199,27,0.533070084956288,5,0.000100887608891638,0.000100000297720127,0.95718372214281,0.0140023899912446,0.203835240803061,0.770764789738626,0.449266294449663,1.06067646339383,-0.0549742637443866,0.844705437523053,2.38880726149091,-21.6729893140553,937.560630366604,32097.5847766008,1,12,0.793167520810606,6.49244795206792e-06,9.33960469674076,0.869288105415469,-0.102643451296711,0.0789441987598688,0.0982797302035311,5,9
1.02044492388882,69,0.748034844636508,36,0.275020019283284,41,0.750280941406297,4.81577478609614,-0.550339501659498,0.524639672059245,-0.708346778927584,0.858593872375181,0.555556671802575,0.414610125644027,13,0.281595895779501,6,0.00298966310784334,0.000100000775963279,0.980718242161993,0.00371818688253155,0.747933748407262,0.868485526482724,0.524408166418456,0.972258056705071,-0.0643660826521355,0.880846866069674,2.41335684745246,-16.8508007428432,763.427871175509,9385.91257794812,1,12,0.823282574712136,7.15640406848029e-06,9.31020619969067,0.150189913157097,-0.106873426747065,0.119114304244146,0.0977877426194842,12,8
0.467184927379889,88,0.659871311127028,22,0.276966186061197,84,0.734382556976521,4.27903081908421,-0.477628125970132,0.306576457970059,-0.639321939600162,0.582212721952954,0.557585003337486,0.33261868971734,21,0.390309602711221,4,0.0013280155377348,0.00132800928085777,0.965920961948897,0.00551021294936412,0.617010422280535,0.794865033519201,0.4685161135413,0.696887599822386,0.0695065183908892,0.866874048866652,2.40115177199717,-20.136716017779,1186.29996836025,50570.218003745,1,12,0.810160660220391,8.9442249771228e-06,-9.83320693117178,0.0272967609517494,-0.01985480335392,0.114024339277269,0.119983855110593,6,5
0.417930993361215,96,1.19826803383722,93,0.452677908964549,85,0.779065723483886,4.25467097853257,-0.46122249237482,0.272507099213438,-0.627580867516314,0.469740980583835,0.521549433558952,0.640030408841374,31,0.360954464918467,3,0.00813187945812411,0.00813187269758051,0.999146557259702,0.0190808257880145,0.60606871016463,0.772227722275132,0.396355705081689,0.886796453670844,0.146944957447998,0.849940647743951,2.05668923342239,-15.2867253812064,1361.79551300373,88207.495584137,1,12,0.829231584296815,5.0619938985257e-06,9.38463867224608,4.20460682519512,-0.0143694357157713,0.0643507623201768,0.12964893998864,9,1
0.77960530680066,41,1.79337931015657,98,1.69701613618581,98,0.562631255378707,0.953238691229337,-0.405506689666838,0.212529954672378,-0.605879434962414,0.428738854657682,0.0706736838180834,0.735540478493941,51,0.836223882282483,4,0.216055458299934,0.0305915891187353,0.9989101883168,0.270945718233281,1.38685270852126,0.367787382860834,0.33163237684627,0.828865341251407,0.0272661007820603,0.510393734016012,0.850860602673502,-45.8907474645225,742.271590747405,5240.56058231549,1,12,0.621718880427796,1.94260904666007e-05,4.70885523353215,4.45868647470112,0.0044814424601786,0.131959920414165,0.119495193535879,8,2
1.03931764725926,89,1.24487249156534,98,0.465079368344023,91,0.666096915669114,3.02533990431322,-0.462954771738313,0.360130683922141,-0.64448471993573,0.633363926373742,0.375294840353005,0.60808609389151,37,0.609976639885303,4,0.0118836098625907,0.0118835064304065,0.998610391068685,0.00867785664576408,1.7217896382289,0.659145205709729,0.472448149232871,1.02045045273932,-0.0208767899022693,0.758634591451608,1.9118586243415,-28.3609237568788,620.550867726412,10221.0519394351,1,12,0.730040193224348,1.70514719998361e-05,-7.53856813871621,-4.29237344841826,-0.0609505361479421,0.090697003764706,0.104655980489776,2,9
0.423291218806733,80,0.722396471466454,50,0.271857373754291,62,0.850623141589471,6.00074964397644,-0.528892182471699,0.394199744015704,-0.669344037740788,0.599978944174794,0.641316426504363,0.377786868074959,9,0.149984460609637,4,0.118560177431455,0.000100003433577502,0.995478742827026,0.00681057536487179,2.15464611753271,0.986745367177487,0.569935582974036,1.07299822824871,-0.0629415733438357,0.950251401668845,2.43128151913775,-8.76957990446775,263.777692254339,3732.6203615107,1,12,0.894461921010296,1.44943209645601e-06,9.88316541581155,-0.496658580707805,-0.183216084201205,0.136545990504107,0.0844702131909238,10,2
1.4118129472964,49,1.17800163899612,39,0.316288468799587,32,0.895886871148492,6.67151463884941,-0.338316565085256,0.22327153446787,-0.548826067260868,0.434565265113794,0.690558974575772,0.321836217494593,11,0.243148612948856,5,0.183109423673222,0.0300422024766161,0.993696991157967,0.00278326772002261,1.70827554074614,1.02840763626096,0.338233820231614,0.795822896850746,-0.0494072942356371,0.978960952795193,2.12329012414929,-5.78271018288847,655.500198791258,11065.6523702324,1,12,0.887244968389618,5.91133380388131e-06,9.18711237328787,-2.20779404454527,0.0792027066569872,0.0781963073899883,0,5,1
0.448393852984199,58,0.627095169863284,48,0.198453214173898,90,0.861487582962873,6.40478282223719,-0.544525372845629,0.352260870821485,-0.706335344485877,0.627373708556883,0.690372412445901,0.333792492161979,13,0.193260454946956,6,0.0156679341527682,0.0156679113764005,0.993976500474995,0.00447654070964488,1.82538894593059,1.03030987799967,0.508426304995189,1.09139701731629,0.0372602056875913,0.964875480604511,2.41255503497349,-7.79809044469751,967.667690812611,44623.4102945181,1,12,0.88859528543041,2.80693546534086e-06,-9.87223399325282,-0.321720903575242,-0.151291478764376,0.071713532546323,0.0161110617393782,5,10
1.38292191030684,99,1.16472840011676,75,0.378079098454568,78,0.727880963609938,3.93005420812289,-0.507428011663451,0.315894936857712,-0.66339707219489,0.533092073334045,0.397430718095792,0.578207937573613,30,0.57459303369657,5,0.179566533195251,0.0198751202866114,0.999083976899805,0.00745210612941474,0.513989593846529,0.773345469675313,0.424761270274707,0.972517816725776,-0.0790102159614724,0.828157671023616,0.724853882648958,-20.4453861107206,1505.31709223636,66171.3606933635,1,12,0.80046935399634,8.57672603057053e-06,-2.68914721911421,-8.59372808224428,-0.133538974533534,0.0901799048715808,0.0860888108589521,2,9
1.6535436966767,26,1.1085466917639,25,0.425366763247552,55,0.693712960400077,3.22586383348349,-0.406085342655701,0.240032692088096,-0.619680330071693,0.505286594410482,0.413970434162199,0.259970479792465,30,0.485507580310293,4,0.0358289523716219,0.0358280334631369,0.97062236167059,0.0129174977341116,0.524422349764908,0.636548346110377,0.318295660323518,0.812088376417342,-0.0884973781909894,0.801653621352668,0.943954233181084,-29.3311208737752,405.459474095244,1945.03491312619,1,12,0.761451836872246,9.25535435985507e-06,-4.29749709996413,7.76529988273903,0.010160059644233,0.128843993376016,0.0846228419365601,9,11
0.390040843984307,54,0.810039238626111,65,0.185731213785725,48,0.849989132542287,5.77084473334316,-0.403109830269189,0.273779967265814,-0.574660933971415,0.433426589899007,0.612336028598875,0.405631106865596,11,0.333052698021617,7,0.189026393021806,0.00640600614493645,0.998563600271797,0.00482943923970049,1.16741176826619,0.912735180922818,0.412706558747218,0.853637719986534,-0.165507659941322,0.945531421401572,2.31052138872569,-7.84028504981088,384.381657865735,6779.01144954281,1,12,0.881641746129326,1.63115130961765e-06,9.41820901197935,2.45453289183668,-0.0562287623953739,0.128879733485796,0.0750721001607916,9,8
0.119259294654983,98,0.504162687456845,53,0.384490657064878,62,0.491670146159219,1.76339927615087,-0.692183241037311,2.58919864209362,-0.848009941995329,3.69448495772525,0.704978461981852,0.454922532669491,47,0.470382177600104,3,0.00100291214263977,0.00100285015932081,0.861132205871622,0.0250596436822375,0.0307864034903439,0.684968566653322,0.635972670903886,1.03575904574035,0.297383635415085,0.518807607345141,1.99269265585332,-68.0833357635848,1656.53205135879,138384.912133931,1,12,0.812142171534009,2.66815525693026e-06,7.79342673210557,0.385596647644806,-0.125349049014053,0.158083847506283,0.777029629240619,8,7
0.266001661833592,95,0.594407499845411,85,0.390276363291393,8,0.516766863772979,1.65666710548161,-0.485374563680484,0.440054912666387,-0.686630115055195,0.786172658625952,0.641038707866641,0.528114928875376,45,0.580790179732986,3,0.00244610339297497,0.00243833241395535,0.853503160869497,0.00935766197693714,0.010587295741118,0.457789961698622,0.482919157224944,0.963653074274987,0.411489190452097,0.580240626689677,2.11979082282343,-57.1980763416133,320.262397727346,2116.38892246852,1,12,0.791566688008697,4.63642361552348e-06,7.92909905455874,0.659094274955624,-0.0759256883526746,0.117290080001354,0.710391062216538,5,10
0.564058433702666,69,0.484189188604974,85,0.672701109487348,71,0.352582296242971,1.51543208734261,-0.618155529621697,1.0366540288731,-0.724412934097034,1.42335265964158,0.645292440196852,0.483604249441779,41,0.512408103974347,4,0.000276377762555426,0.00027633047313294,0.780716484647743,0.0272722341445469,0.0317184781912287,0.437020944762057,0.628392791698588,1.01574732594811,0.362111500280788,0.523048104807745,2.1835479078991,-93.0746732028983,1979.32451877215,145541.700437078,1,12,0.781027142964284,3.92690180666362e-06,-7.7620319789412,-0.864892988325677,-0.0258221416702887,0.164847058302367,0.731300891831609,2,10
0.380747572404006,102,0.803108767870274,95,0.509520596702192,10,0.400021206100044,1.55148189312545,-0.532047306846736,0.35242385102837,-0.649132491912493,0.485259195307481,0.554472500961519,0.51785849470399,47,0.690555086852267,3,0.00815995481764784,0.0081599546574268,0.818098306396305,0.0298178342090014,1.47369196099206,0.405946633461825,0.602852914037016,1.11501013425397,0.369521139659872,0.565971787923826,1.88659275986693,-80.7516470273458,836.833002050497,31904.4639094956,1,12,0.778715450832098,3.82571264622717e-06,7.4900016744845,3.36564174799323,0.0344448615803745,0.147209482573993,0.66601789830859,7,11
0.344607253348641,107,1.16635448966547,98,0.745132274774949,58,0.144235996998603,0.134390216560839,-0.37406283759066,0.298470949953434,-0.555392540555947,0.378627124684067,0.515866822546019,0.298049101911248,60,0.827206703671291,4,0.014307507330747,0.0143074888021222,0.63897762764284,0.0855261523180339,0.693116633647885,0.0885618145945113,0.510187367027857,0.90131370650873,0.498132167220566,0.191159032566415,0.545354745028324,-103.66334242031,45.1691434919936,31.768356809138,1,12,0.495603833152088,1.05756241604549e-05,2.51913325286834,3.09723734856078,-0.117795411830045,0.148203313372771,0.716608195160709,8,6
1.59143376405887,107,1.09401315699468,98,0.752622704253689,88,0.354185320307764,1.18259783527203,-0.477460247104904,0.522055598232952,-0.606300379404591,0.650053445193022,0.560660393401158,0.484303021945644,56,0.686725790838261,3,0.0108386700364753,0.0108386650511975,0.789820120456795,0.017761569415104,0.459328758285458,0.350402037891978,0.523643216966962,1.03200498585024,0.45351740969422,0.540149442456352,1.68833600556401,-91.4720849208301,1269.382769658,53726.9339145004,1,12,0.807048682833348,2.83224976507604e-06,-6.94939987647038,-3.51325373537059,-0.040738495343301,0.125693346453898,0.778144012945608,11,4
0.295328024820966,57,0.656058128035121,33,0.3024142585086,46,0.7179507042695,4.06306554374957,-0.238973991656824,0.497545883422764,-0.401569305500008,0.651027500098842,0.738620935404107,0.488914962336769,21,0.47884543165407,4,0.0231265251515872,0.0231265027946086,0.922043144125849,0.0095642771844451,0.917604032404376,0.898424045755982,0.594523780464069,0.908054161919586,0.294908427121331,0.784450436857514,2.342309015962,-27.0838800706488,371.268553315831,7109.92779539071,1,12,0.905642424235208,1.08804660371102e-06,8.6888145135141,-0.257083257695964,0.0100715397944652,0.188069219522206,0.735576600849641,7,9
1.64745279367702,54,1.05292500246187,44,0.448503610751897,29,0.873006897242446,4.02715996460789,-0.195210839052334,0.230651142486527,-0.590295985850532,0.502847114655797,0.769097500387988,0.579679741937136,17,0.448061360678421,6,0.797657914672147,0.000100011444528564,0.99083912675446,0.0211990461496496,0.485113835716369,0.850672026739584,0.150173281396169,0.561352229988136,0.190019824647997,0.767852498180503,1.81525146955769,-14.1959445144453,108.265068568974,346.103829181961,1,12,0.930444506281694,3.74901920351617e-07,8.0231795001216,-2.1683255469631,-0.0303913315809973,0.111368514781772,0.807941766571067,10,6
0.353735711052337,50,0.8669351867036,37,0.407638668879503,30,0.550319400250571,3.59291704139565,-0.590333943248828,0.713011631739595,-0.669974224247645,0.742756853212009,0.720793599167056,0.463713471722311,29,0.275819704254622,3,0.0236805017189658,0.0236804602150366,0.855608135695978,0.0112747484456748,1.09720976156667,0.759633081103206,0.788890258486399,1.17360645149593,0.379415026848775,0.736912139431167,2.36383844358292,-53.7658834792708,1874.3006996743,196310.338274467,1,12,0.877498505827887,1.72493639238996e-06,-8.72013788173793,0.203105075006628,-0.0216615726406288,0.0817991854055408,0.697692461387646,5,10
0.435070064471061,85,1.03652732751917,98,0.497297295646663,95,0.457008078011684,1.91293132229606,-0.443782117722607,1.25414076151893,-0.525586632361062,1.36163879048232,0.504880738098975,0.452467403972116,46,0.659713018434554,4,0.0745936279712945,0.0122494896579039,0.841683837242261,0.0270699742653426,0.338835940811523,0.602191321456002,0.696365393016034,1.08575295330922,0.202758797187914,0.615741089449305,0.703474868393137,-72.8055052245771,1556.69690059246,69231.3460116466,1,12,0.789520707282737,4.57973618541281e-06,-2.47579760361432,-7.22731550512467,-0.165129913664291,0.110409747847785,0.649856907567395,1,2
0.876510382715752,13,0.951551410139739,10,0.687067872856193,17,0.253205027515683,1.33734885871694,-0.671301603417139,1.34829025934733,-0.800261603015023,1.99991683805519,0.539337564927767,0.229755220401704,59,0.717253081911172,3,0.0272610656755222,0.0272610303650185,0.754621704700852,0.0540507201086468,0.386608946165913,0.412825359198782,0.762088457640404,1.10465436545653,0.352575933238384,0.480505724442228,0.864967618280856,-113.844985039681,547.320610284626,5107.85837268028,1,12,0.6988833076899,9.39301420579368e-06,-3.44161954976207,6.0618973168116,-0.121021648122865,0.0779319790425524,0.639869996892678,4,2
0.387288177624432,71,0.530417195224693,56,0.496086293287509,62,0.605559473881807,2.40763344201576,-0.362218338985618,1.21515770492952,-0.488170922761885,1.53681729612858,0.748642413143207,0.551206570652452,35,0.513042701132403,4,0.00800793782407546,0.00800793766150602,0.897294111050962,0.0366744199918719,0.637111501209542,0.695425686506866,0.514674638616507,0.79599750984456,0.467544041200089,0.620699693867275,2.06803526822286,-44.7241485446328,1783.39166603568,148142.20336308,1,12,0.886794922049916,1.41774030847893e-06,8.09743095976395,1.93868846297552,0.120889267709825,0.212587134088827,0.823354539344111,6,2
1.28923458718582,12,1.35125984505363,5,0.153374133891668,7,0.772495328406475,1.83267978629585,-0.338811735173813,0.617986213425148,-0.554257167985298,0.985032141187917,-0.0373530742806714,0.898227218382137,1,0.599687239161386,3,0.14085399848481,0.000100001092899365,0.979743849830553,0.000431439094319653,0.625111879238551,0.683770515356405,0.348635466295086,0.832401529767782,-0.00716742519670794,0.649616258967258,0.993453990080624,-0.392329121635039,0.83378273532069,0.00604600581474155,1,12,0.887364487144362,0.000113867836519476,5.075933086884,0.708083089394931,0.168993808257785,0.430743810214176,0.120079413015089,11,4
6.81291273883522,12,1.33539803822838,2,0.906946390832482,4,0.649373692509952,1.22063831046999,-0.449904520761,0.351074483933345,-0.591885825805904,0.614176234354037,-0.110249323725815,0.717447012790483,11,0.523532989434076,2,0.00178728391091806,0.00178726374256451,0.957308172008287,0.399076757336001,2.17189928065124,0.588896490311895,0.346390629599377,0.761194494469621,0.0523430851134573,0.891643960252096,0.781785721970459,-6.2669050337987,0.867650896548276,0.00212666633154281,1,12,0.805739547591132,0.000283180014816599,4.09476153768885,-1.24719931071417,0.168390803713682,0.15923863329723,0.261058239223611,11,4
6.84236542531759,12,1.7742360427649,2,0.426842822182113,9,0.836594110713938,3.5505294975681,-0.535175248811227,0.737173306623652,-0.741813365821368,1.31391729568119,0.160741449670819,0.641630779432893,10,0.461862989920032,9,0.261590321482889,0.0500840127362377,0.990559037543809,0.0244516306519887,0.527430466063733,0.838552906627125,0.370765238215736,1.02544499197005,0.0393712477413372,1.13971394920668,0.642017411228759,-6.61267492424766,4341772.42602941,1932247481555.32,1,12,0.91746121245905,2.69136922332498e-06,3.44795628517654,-6.58794399382818,-0.204582848372407,0.308723333254001,0.0841080956891083,2,1
3.57375023578356,16,1.29968054693743,6,0.609549909751143,13,0.694504675337048,3.0621527136053,-0.449725745965983,0.270521738300389,-0.606458668362932,0.421588795141995,0.339940874615284,0.530056572302187,17,0.370923704689337,5,0.146409757766111,0.000100005464625634,0.945116393775347,0.0659174231087182,1.14366004621711,0.680192816456851,0.527411758848565,1.10539054346932,0.144522157977968,0.844247706673718,1.53309594151092,-13.9612897319175,3962390.45,3256968242256.31,1,12,0.792411124417206,4.44312004050052e-05,-5.92571805524798,1.403616888104,-0.00895697268557427,0.172675702305637,0.260020824509121,10,2
7.06942563536309,17,1.83333527544316,5,0.596207639390978,11,0.94349053111111,4.80179639677285,0.624568477890849,0.910351815898438,-0.368176624720621,0.313266856004225,0.264454276234692,0.958280544183678,7,0.298963147608093,43,0.874698772213139,0.874698718493517,0.996780633691681,0.0401950061308794,4.93971026730793,0.900248264938616,0.558937577420444,0.283294721439687,-0.0483514453353478,1.16541784661391,1.24552055037302,-3.55500616796916,9006.37878787879,3954666.20815851,1,12,0.971468259711529,8.62018334607313e-07,6.34431542496553,-3.9916291158525,0.891677100797844,2.07582499818929,0,8,7
1.12679043374473,12,1.09102446028129,4,0.151065771952348,25,0.95301896691463,5.76109539197857,0.0478532865822502,0.0587560798055232,-0.500628798847992,0.356992532709602,0.446220790868005,0.957171252967606,1,0.0616550817145272,28,0.87349545459988,0.000131678467902301,0.996930020837231,0.0054657425552937,0.503546762466181,0.910732175578618,0.00648973628061057,0.475962665184415,-0.0295387684362224,1.16097612481075,1.58205814189322,-2.20624651769041,1193835145.54046,111353023595047824,1,12,0.988151704438274,2.83374069890816e-07,7.46580799705348,-2.7222350781084,0.52851039040942,0.578686644334389,0.0866837339216558,8,2
6.48262445762537,12,0.806018119892295,4,0.61494315217738,2,0.758781807792258,0.854639312107844,0.133573714913927,0.248322364993839,-0.391121017250024,0.252692741539857,0.0887845867067715,0.86472819760368,8,0.747686353589885,4,0.999899729153258,0.000100010190500501,0.965365821180641,0.189077540204927,0.21869671863815,0.713066892496033,0.14515061446647,0.362498642823686,0.0616759101566524,0.244312494801003,0.626532112497883,-5.21536447727619,1482506147.63036,47251402303409.8,1,12,0.666009886369259,0.000716705870593826,2.9937096861453,0.362829160757514,0.502167381516677,0.394058139052377,0.354505208164851,1,5
1.05302877963062,37,1.37818915398739,32,1.04273574446094,34,0.619635983515178,0.905227130976187,-0.354110019676262,0.258001711537809,-0.678172797695529,0.732249145531698,0.290801873203228,0.222656680316215,13,0.853094698696149,3,0.577399693630904,0.000100002526580108,0.925644256207675,0.0435922423215635,0.122526270690346,0.459167060066165,0.188684395926696,0.767534211132011,0.00969674459411668,0.388494550857333,0.812145197086755,-20.6169363045072,262.157894736842,6150.34962406015,1,12,0.58725323693763,0.000126535878903229,-3.98315072094873,-1.94270318910669,0.0528679290972528,0.158864234412577,0.445213753151227,9,4
2.42806775313467,12,1.34169466036709,3,0.278491004613935,3,0.90653003422558,3.69029909643041,-0.282079903253301,0.267425870186323,-0.347249817261985,0.358510284474718,0.211643597585361,0.943221910864725,1,0.476168422197091,10,0.000575087517036221,0.0005750744157609,0.992142966069151,0.0351220055889735,0.773705810704845,0.895158506325748,0.25437330437111,0.23668087008541,0.0389752723507261,1.09170623239661,1.14292132017989,-1.38027495227266,25196.4222222222,343970634.340404,1,12,0.965755954381631,3.63838402685243e-06,-6.54675888108174,1.89393718982663,-0.0711374296414351,0.181689664505861,0.26576775981653,2,9
2.53998215857166,12,1.42598929956863,2,0.301586430651848,3,0.896675249920983,3.28863373864301,-0.491167210294103,0.554859799282661,-0.71072551331203,0.941070973580362,0.0606044836746645,0.93069643111592,3,0.466016163912019,12,0.00759967169233751,0.0075996508616799,0.991748113086516,0.038394412436259,0.181538670265226,0.853352897603257,0.271543612763099,0.863706311511897,-0.0142409539165064,1.2223437471095,0.967629837940284,-1.70095605702046,1726.45945945946,1648259.36636637,1,12,0.971597246941319,4.09211544953312e-06,-5.41935989963963,1.24949419903335,0.0756609014381145,0.175714032962462,0.0892418598712093,11,6
4.8661443773899,20,2.05896188452689,11,0.644697901993143,14,0.800823762961161,2.18782297834986,-0.265182183272644,0.130134317955914,-0.502915629528224,0.334846491183388,0.0499286897592411,0.481278578949876,9,0.674801651270728,9,0.628153728436559,0.000100015530177976,0.985832365784238,0.160387054490873,0.713406057528668,0.671480841012454,0.125990318681435,0.47481534705529,0.123446760986933,0.738483864743465,0.82840069248307,-8.42040603348453,39145.9692307692,95123643.4052885,1,12,0.782588508850342,5.73997741145176e-05,-4.41870279527462,1.82243387148822,0.471870408525474,0.323286745162236,0.16827478500722,8,9
1.70091267776594,53,1.52277471504903,43,0.306344632139832,48,0.951686630315092,6.67294140003198,-0.419528409839488,0.272448712231261,-0.652462548885534,0.541310746589679,0.496659216039499,0.800283286913293,7,0.231253741764564,24,0.413866337513405,0.108646451392777,0.995420813623286,0.0153356411263871,1.42350777146893,1.01819019660612,0.262897231865769,1.03217782044514,-0.0550989245221064,1.04935872004974,1.57163855663327,-1.39258120576941,32947.1866666667,681907078.910631,1,12,0.955231026206015,2.73050696796198e-06,6.64423198635245,2.48315295673757,0.235267282676229,0.309624093964189,0.0571400262076421,10,12
3.21563809155463,62,2.03422709166968,52,0.780657477334896,19,0.858798466979664,3.25125548664295,-0.28449625302758,0.19329920335371,-0.613601128573807,0.566802236510789,0.0525661021122894,0.57435301845359,14,0.621387280846758,7,0.69245245441047,0.000100012126447657,0.989690756100991,0.0657092307451938,0.101382834946315,0.793304031988176,0.112119430003705,0.657971119941052,0.200092572201066,0.767446217579659,0.345071412683697,-7.80679734287786,3797.05333333333,869708.97009009,1,12,0.889648098652364,5.41850565486585e-06,1.1112634781194,-3.5846565885934,0.43496136924573,0.615926717491503,0.433377280297259,2,9
1.48520767383931,14,1.02757516938877,13,0.408636902486044,3,0.865992059872591,3.27025621407462,-0.265203957363578,0.20183606060019,-0.528562981386176,0.438989910256606,0.382151477318922,0.730816919678232,11,0.522627503835831,10,0.587485770803718,0.000100004462414708,0.992617068748584,0.0459839733263951,0.000101451591486334,0.762272343172581,0.144755670853488,0.580112604538738,-0.00508083497686435,0.816808171356309,1.62641630950396,-5.48671140258395,505.04,53419.5254054054,1,12,0.910738349273977,4.0547999460414e-06,-7.92828183304272,1.43244523860085,0.16621037574145,0.140993048003868,0.332567478641846,2,8
7.06518701178397,12,1.50358971025993,2,0.380037623462592,2,0.855918970274085,3.4862729306084,0.0390219527448115,0.154743299748535,-0.353561304455742,0.49687482584105,0.217425032227083,0.831641133104674,5,0.406979184351988,11,0.985623841418547,0.000100280267908208,0.994492535580768,0.0355856313283244,0.78417886143725,0.750718032498371,0.119012700557016,0.601711254486688,-0.0444779081653473,1.07746225110198,1.33632997124287,-6.63533920455541,859.816666666667,351153.270903955,1,12,0.945495071764993,1.45428863576331e-05,-6.48170131869649,2.08521063761229,0.302599545572174,0.151974746939963,0.122661779464274,12,5
1.31187725605918,24,2.0644053296968,14,1.27758273241132,9,0.913194189047138,4.67300392265272,-0.0582040779060956,0.196490790631567,-0.42052082209548,0.342620815199642,0.333275286369005,0.518215152446163,8,0.571729001699936,22,0.884080171390164,0.000100005947709814,0.992424934879766,0.01811644595574,1.07359855406662,0.853566142833232,0.0996635042988729,0.625138446018977,-0.247721052668622,1.06399043369946,0.668959708266195,-5.01232900468537,300.573333333333,44519.7344144144,1,12,0.874753974768942,1.30381388889932e-05,2.84538477107535,-5.79372051141281,0.439886342802136,0.394858837737689,0.162788252858808,2,8
1.00867288886062,33,1.3200031102866,24,0.309673220470354,19,0.950084505631088,6.83172954662604,-0.415704264419719,0.447108598322077,-0.665261915910533,0.947444590858289,0.579315754973374,0.647154485976779,2,0.348111879145202,15,0.47597466902204,0.0735083306252981,0.995532041844898,0.00426959866697411,1.41490976049022,1.02246375718402,0.274128849668202,0.953306620587316,0.214232893374763,1.14789163400807,1.63536486167341,-2.50570880491406,8537.33333333333,25835021.6036036,1,12,0.982578861400023,1.4061819750572e-07,7.23178580393543,-2.39633156629516,0.172209161891816,0.111118367232525,0.500163016464923,7,9
3.06208678609155,33,1.56060003199761,23,0.984850524094098,29,0.90413185491318,3.61010074243521,0.0235186902224986,0.080937245790237,-0.447870806099279,0.335141066698443,0.211791359864562,0.690539217524183,10,0.551095542252202,10,0.999899684559886,0.000100008858640834,0.992828106612946,0.125231719525335,0.742685410045528,0.825923319869769,0.0309215219972903,0.429215517476305,0.0132865449297961,0.922265251585089,0.949627951332133,-6.77256162189809,37948.7945205479,233531239.276636,1,12,0.815801166504618,3.54725892632533e-05,5.18258371509711,-6.00581411817049,0.691028190913851,0.62495663881448,0.0431553172637266,1,7
0.723559832514092,12,1.43441493814526,7,0.29110143414527,2,0.935227871333511,4.28972633379066,-0.363108540294643,0.295673467885032,-0.692362268374647,0.744958540435789,0.0843155031617029,0.856424833513908,1,0.655231622754763,8,0.706634065095709,0.000100014509281986,0.992756010161149,0.0230503334254638,0.56643936730532,0.894037498219478,0.184284919134221,0.845301900405521,0.0871040781376333,1.23943403932742,0.999348713507414,-0.76457531083075,90035.5263157895,1681885479.6074,1,12,0.976973580430167,1.91344004008063e-06,-5.71978438819841,0.0628863699660946,0.422829586954822,0.524143183365141,0.435397164227608,2,8
1.85404550432762,12,1.38376810517601,5,0.183377994048201,10,0.904416083567032,4.0467103100332,-0.328809108588387,0.406585757596163,-0.530952229260013,0.629619631484346,0.0585690545505242,0.929157309953832,1,0.7001570917549,11,0.484314519061156,0.00010000242996185,0.992006030798263,0.00416293908387924,2.98988241451528,0.898990478402421,0.245665409138789,0.424880203495667,0.0548385802347064,1.30968345946253,0.999056467747346,-1.66541170831337,44664.5405405405,384414388.255255,1,12,0.963993992425079,6.48197479331336e-06,-5.82451175678139,0.778635951383458,0.47611894585274,0.481650947477276,0.176486861703077,8,4
2.98216425191801,35,1.55125708091917,25,0.626844304424965,21,0.929876528637372,3.75023260950014,0.147856676096865,0.178985273091362,-0.445027812782509,0.56041229281595,-0.0247019573702603,0.716397536100362,4,0.467214839136583,12,0.999899769741258,0.0378808767872658,0.994301082458283,0.0223015649090101,0.243613291596161,0.893786015302446,0.108320230437352,0.412838397053721,0.0969026815593449,0.875736431063796,0.911157251349583,-3.97738665352968,51037.1866666667,348457307.856577,1,12,0.822830210521891,3.30019606948948e-05,-5.52203292426745,-1.93044645914762,0.688386987369255,0.674357014192416,0.0177927120253553,8,4
0.705191055840265,27,1.4178231671753,22,0.327712135755139,2,0.78179417464886,1.99778655720732,-0.000588377810017161,0.274117288599755,-0.333605344473339,0.255591596319994,0.198651817248484,0.702206210686343,7,0.674930086406408,4,0.0478145853791372,0.047814557743977,0.981123308793051,0.0405495552935832,0.432645969162298,0.73414879665126,0.257827191677768,0.60141673620912,-0.118307508377227,0.216899361886784,0.984163585670018,-2.37687539030033,117327360.042364,183596722669636,1,12,0.872883671002281,1.93464713258098e-05,-5.17376818834806,-2.18790397285324,0.24659041048837,0.483442050221639,0.51554762103787,4,12
0.966805035873713,12,1.08640457832614,3,0.142693864447067,5,0.875462621256136,3.80135894013909,-0.285973050615326,0.310716783385121,-0.479226708201914,0.374146306952755,0.209105306659644,0.902350740727413,5,0.260411318656928,4,0.0896654589230164,0.00010000157174964,0.991312136452781,0.000979437924873667,0.437726610579296,0.803267805961978,0.423102678349158,0.727289511884578,0.0417956699296926,0.889450200954078,1.18186749860613,-1.15193550400553,15277709.1160455,49027120472180.1,1,12,0.954764857513128,3.9334706374651e-06,-6.26245943556796,0.58367657457066,0.0149641105621701,0.120317003891049,0.249804765582813,10,8
1.04950390679446,26,1.73275078351715,20,0.249760009152563,6,0.882946975934974,3.08310930581397,-0.107657140815481,0.165308359279272,-0.530823165212863,0.6560427499738,0.0106265762501658,0.760707332464796,11,0.397375608069255,3,0.85297000527278,0.0498300011450671,0.990759669069405,0.0475540599940326,0.154953065658127,0.80582620499309,0.0441684316818677,0.548867311310531,0.0754094746366096,0.436622271601828,0.713379920605992,0.381909341647882,26980217.6084091,38729414797215.1,1,12,0.933953269781107,1.16639994725374e-05,-4.23520049711757,-4.00314647102885,0.507516890992421,0.704250442342426,0.357118524663474,1,12
