max_kl_shift,time_kl_shift,max_level_shift,time_level_shift,max_var_shift,time_var_shift,x_acf1,x_acf10,diff1_acf1,diff1_acf10,diff2_acf1,diff2_acf10,ARCH.LM,crossing_points,entropy,flat_spots,alpha,beta,hurst,lumpiness,nonlinearity,x_pacf5,diff1x_pacf5,diff2x_pacf5,stability,unitroot_kpss,unitroot_pp,nperiods,seasonal_period,trend,spike,linearity,curvature,e_acf1,e_acf10,mean,var
4.35070418198292,63,1.65612763690467,55,0.718788614725787,25,0.955778953835446,5.65579953417909,0.227137765273336,0.0950177675428506,-0.306344644622147,0.193674251598177,0.852937174996827,7,0.481376430188539,8,0.999899847951205,0.000100004116397632,0.996574258913708,0.0485315431361516,0.0330696068726608,0.983274890701281,0.0955908328492619,0.329904687836769,0.955534462521639,1.73279857346698,-4.68770099101642,0,1,0.945670631360719,1.22549628523689e-06,8.73084319225538,-2.00156245428365,0.556236995812019,0.633033527604323,3836.07403846154,276486.015787416
6.86714866100783,28,1.92224448214451,20,2.94335490489694,52,0.672668123197927,1.19114743676989,-0.128323709530243,0.109242710713929,-0.424913628562924,0.258725235060381,0.094210364613448,17,0.857278089086171,9,0.709801233850247,0.000100011296900559,0.956231203180035,0.886752311792777,0.68819323596218,0.500781736924601,0.165702434818144,0.610245470367925,0.454609318004489,1.06053102676317,-31.6781019856911,0,1,0.556700407831159,0.000164145826424439,5.4565967817758,-1.87125217350549,0.30771150392014,0.214517169512157,5825.15711538462,1048997.57656053
2.40309482277403,40,1.63912337417141,15,1.1736333167341,13,0.604000870393888,1.30883519195817,-0.225700349366667,0.107899195256163,-0.520663010285008,0.279000412427538,0.207038113928809,27,0.902573025381044,5,0.36000998583709,0.000100004623183893,0.931931704663677,0.18132227023677,0.123306642562275,0.42681910001348,0.241675061907452,0.69456055526107,0.521934132133872,0.285397749813389,-38.3146512242255,0,1,0.486861052137356,6.61281614844221e-05,2.24847713364918,-0.532870353392838,0.250813652051944,0.185624208251161,4234.11028846154,8092834.36632904
2.56124867224549,27,1.6540551124963,20,0.8334466744237,23,0.861913861482401,4.14425650510783,-0.27763843803549,0.188169701246498,-0.550478343993868,0.43159506708763,0.408280322339397,13,0.288636508180711,4,0.41309276867381,0.0933991235995822,0.998796262546513,0.0431779678674125,1.83163080742092,0.859090805441702,0.152653346316951,0.819576249341491,0.862953093017759,0.360417399601071,-10.5255648796204,0,1,0.869111750338051,3.61488492625986e-06,2.95528339590026,-1.09488278767375,0.0541591790003976,0.107254781042234,7328.50384615385,6399531.30429963
5.53010935830617,94,1.95654068152936,4,0.580562455587607,14,0.933881122500624,3.67149633856599,-0.00582856834099166,0.132012724497422,-0.527044020728243,0.555872635872665,0.721987995433827,12,0.55768887797308,10,0.999845969400621,0.000894411791464835,0.997993553874326,0.0159438276530467,0.154926956378786,0.914914373757815,0.0309164140695256,0.495895673249482,0.860626798174267,0.450330351471536,-6.33130258521526,0,1,0.937487833480712,9.9453024671326e-07,2.84061748941169,4.8531795856055,0.340436735641158,0.272653978683828,5129.79317307692,15700.0198878921
0.722705219498462,44,0.972849291411699,37,0.182597058907256,52,0.976178329297023,7.38953888336438,0.180325864353634,0.185547267830397,-0.339164932254578,0.284900795316781,0.828423843357177,5,0.180810397358494,14,0.999899998295508,0.000100031447711163,0.99786556255053,0.00556441500526475,0.656938525131721,0.967415744717979,0.0554832171295456,0.36467540362366,1.04701320453147,1.99605401773053,-1.64049576967704,0,1,0.984143300075878,6.96908321372249e-08,-9.36958295979389,0.288308295455422,0.51450548168894,0.800139185998343,4910.37660194175,154261.800191281
6.07276399956185,12,1.24026505547771,9,0.206801755060304,22,0.965395375153641,6.11660710630043,0.00555939478692575,0.0839602811286331,-0.51365007228643,0.374260770289264,0.812914455245983,25,0.229212663139063,8,0.999899162423062,0.000100008734688446,0.997712024446404,0.00697542170084343,0.889357598023808,0.964211737844657,0.0590015166608827,0.569383746712714,1.04794570987109,1.43051639670998,-3.12048145715284,0,1,0.977105133479261,1.04696636309624e-07,7.80595348420302,-4.91756638815089,0.382689785340512,0.297472267194851,5180.25442307692,70373.2585569455
12.1394665571093,12,1.97044284031227,3,1.73048383345562,82,0.860365935891052,1.81620964898686,0.0790772170399253,0.0737353576595743,-0.424226432678078,0.307158312686183,0.663039467445766,16,0.70555980402251,6,0.999899914477555,0.000100008476344875,0.99458427503266,0.362070326816643,0.357269079196281,0.779246732327601,0.019899086393566,0.413829317368364,0.491155403320193,0.547030035818601,-13.1042071554389,0,1,0.826281726485368,1.54149433979469e-05,4.00322632085644,3.63097333293653,0.481163264895939,0.553171173654486,5472.1959223301,7088.07721066058
3.59500767334825,74,1.93633429357198,66,2.46734777457316,61,0.842264766702607,2.07446170272829,-0.012602810955253,0.0869209726356636,-0.442272335043758,0.325074264598356,0.512905485008554,17,0.718303881005517,5,0.997267150362623,0.000100015348062333,0.991624599708332,0.378703381832984,0.121675326251733,0.736626678003593,0.0743787248849959,0.481519474062732,0.578414193611951,0.638469164216457,-14.7381366032829,0,1,0.787934665706793,1.19295232567579e-05,4.79213471946567,2.9562996377064,0.426886401634744,0.395709630562822,6013.15233009709,6275.85727098801
4.85785143428306,89,1.583809665598,3,0.66678794113461,39,0.91016863803843,2.96549509647207,0.0870659818280339,0.119849260856546,-0.497906669668852,0.48255783491246,0.688241696622984,9,0.611079056239842,6,0.999899817007154,0.000100002305947886,0.995327978245368,0.0104398566028151,0.00752545763635904,0.862553384432521,0.0429386041067815,0.414882936834449,0.868325686423556,1.1829295006837,-10.6204217214512,0,1,0.88891992683097,2.0884717339415e-06,-7.03806216464222,-0.0248083558771652,0.524144516543635,0.769229817365454,5937.33759615385,11514.4041951363
1.26749849723208,41,1.52570210743663,13,0.590144602525158,8,0.940740084478052,4.91225025545391,0.063619947765577,0.0851115602304672,-0.469986299583011,0.342639296301411,0.829528070942959,11,0.422965278728063,9,0.999899069458959,0.000100024066142787,0.998574636157748,0.00793049035244314,0.315768340949842,0.894283014499539,0.00676453501067199,0.412659349800013,0.985028596014065,1.68201825289453,-4.79744937893901,0,1,0.943777285552727,5.76095827647871e-07,8.53562441742325,-2.94627093935673,0.493172928085638,0.536490679626466,6467.77262135922,26283.3564901199
1.39860082208056,10,1.0739016770464,27,0.193610033132697,76,0.965216445261091,6.83113362562811,-0.000330890834957165,0.131380628554563,-0.437398393947699,0.382793357091663,0.798134888649916,5,0.351206680278471,6,0.987597336040704,0.000100004881639583,0.998613814115046,0.00375269347139824,0.59913898323706,0.942253491231141,0.0292471945512862,0.536332158830876,0.994089982825061,1.60718418149794,-2.25099679416715,0,1,0.96265550739708,2.70613811876319e-07,8.04685668600161,-1.95984424453972,0.37189493931836,0.394267286609181,6744.21134615385,16540.4136137043
1.75108191712818,61,1.19621066505356,53,0.408841531240773,48,0.979550841944225,7.40278673360006,0.0491565252977293,0.0837175040505408,-0.521553098219287,0.370072900300607,0.780389040606757,9,0.182788090283699,10,0.955573051535208,0.106346964162931,0.997602729307231,0.00122245864236386,1.00426688081071,0.978044734888208,0.0345221712324536,0.451876917325426,1.04517182150411,1.89253757958811,-1.53745266863473,0,1,0.978224657616803,1.11256595558272e-07,-8.94739552021644,-1.09922456391144,0.475952042464359,0.61034774771697,6949.8272815534,78059.5672846945
9.00307620468197,79,1.83082279571853,71,1.00610964294538,11,0.913652382941527,3.15032209787715,0.0843784242501334,0.125035207075561,-0.52602920846933,0.600905682407467,0.719013862844219,9,0.67108671030274,9,0.999899774058979,0.000100041263450015,0.994538563450286,0.135635361215073,0.0151410043604791,0.887073380226769,0.0525183552164967,0.392130593806295,0.791952377315068,0.188406934885323,-11.0787611232693,0,1,0.856067110954024,3.29792359898261e-06,-0.41907486906551,-2.14350671018882,0.516378315324005,0.718565193679468,6667.90553398058,9496.85577985914
0.373688771230922,59,0.70130640389521,52,0.0802085828675695,68,0.961795402749841,6.85533082778863,0.0864496169613199,0.107352994036903,-0.37640102195716,0.257181539587378,0.912873398241554,3,0.152849244559917,10,0.999899996417591,0.000100073677646731,0.999732735620575,0.000144950569067321,0.392655390216973,0.938339685215715,0.0828964983369338,0.470171409513259,1.01660741333422,2.10327088833374,-0.944098411515176,0,1,0.984829203387311,4.63287617184069e-08,9.84654728858125,0.800642594792071,0.463174491850402,0.567485892965611,6998.29980582524,72772.4458764325
1.2977772177415,10,1.16244064926008,14,0.354646218499996,11,0.951629662365133,5.58622838747579,0.0485603972758955,0.081200311887439,-0.400663162289606,0.345913593942464,0.832790379556489,13,0.240808928670197,7,0.999899978336153,0.000100986316375107,0.997739593617754,0.00941972475482203,0.050188021579919,0.923989049023054,0.0506768870413864,0.394687095053009,1.01055776064597,1.76135801140042,-3.25574828088653,0,1,0.971631846913689,1.6264847612502e-07,8.98536394317918,-2.25837213647939,0.463090152110897,0.592270412073819,8000.10784313726,51459.8838071831
1.69211708313186,69,1.42533375919831,60,0.353007291006519,56,0.969516564735723,6.99764001536265,-0.0272334436276347,0.0794899483532358,-0.498281633516707,0.372372430869145,0.806167208604912,8,0.242348495362275,8,0.960456873744874,0.000100023386783376,0.999166321465113,0.00343760150100842,0.501757034692005,0.968035930534279,0.0615412784250289,0.608703923273672,0.983466699377022,1.38806788625112,-1.05286108153654,0,1,0.977703451024014,6.72342065973768e-08,7.09437973151453,4.93240964004967,0.331798307055756,0.207976716234448,4196.81346153846,42334.9619199403
0.706357076273064,45,1.09264598142527,39,0.183509889658485,31,0.977629560510341,7.65533503298452,0.0736348511033915,0.0567144963299074,-0.497791053321653,0.28534462569651,0.837847890428282,3,0.103057060241494,10,0.999899601083712,0.0867980551453949,0.997941291275163,0.00325324302848263,0.56610248761684,0.962502157792631,0.0295709133937665,0.406980251935139,1.0665790395873,1.94345680649551,-2.15931922071799,0,1,0.985567913127552,7.13011355351415e-08,-9.19904096170763,1.01384728734935,0.484640198167284,0.849227904617441,3803.54019417476,181884.676617609
3.12214220447864,10,1.38803313582,86,0.374067997625619,84,0.954146027845524,5.23030690173451,-0.0645169859024171,0.162456579484183,-0.584653924525311,0.801898653597829,0.887333327264897,8,0.457575565146458,12,0.954027916218802,0.000100020204954305,0.999127110259132,0.00757805856730346,0.0655656513895852,0.951790951354931,0.0798755504988825,0.646555830469529,1.03736928484212,1.53279444701621,-4.98060397171319,0,1,0.96561970374704,1.98847411787822e-07,-8.03942470816113,3.54360023345709,0.339742674201155,0.258011583418333,7080.31490384615,62230.0234330004
0.514073422596352,54,0.883133625410182,45,0.251799292591721,84,0.975190797555075,7.21302919275842,0.0609133524286438,0.0775906647071301,-0.506120536525084,0.353225074613792,0.853003264035145,5,0.18051678936613,9,0.999899702757336,0.00428579270355054,0.997528213048149,0.0051447427872392,0.295126360064193,0.963188130563955,0.0253971552969608,0.426325009530681,1.02598553467779,1.90745007010193,-2.13251834072557,0,1,0.977066517351819,2.17678429028343e-07,-9.0217989542659,0.466124893854704,0.508341278589687,0.668659387538498,6953.97116504854,175944.572761374
2.53258028234251,36,1.88137776275178,14,1.23202942830731,19,0.894159550434122,2.79569726364424,0.0584278000181605,0.131584896647071,-0.435503305247842,0.523316870456206,0.57454427012032,16,0.67420945772435,5,0.999899701877718,0.000100095939453571,0.995975403017439,0.0551624394867065,0.168867155710376,0.870755091314076,0.0914250664261385,0.537589503103623,0.784697431883567,0.491811700530646,-13.283182304585,0,1,0.844676924349398,4.56964653478614e-06,3.55058135877867,-3.24005430787768,0.470842405445675,0.447572144495033,7676.74134615385,45557.4800039955
0.449443510221397,45,0.912551834429359,42,0.159483171363851,31,0.977842155709896,7.80128096309816,-0.0543586640177883,0.135121032684342,-0.55369888975751,0.588780758944975,0.862705474716951,3,0.139514880648732,22,0.949206919283612,0.000100036059661663,0.997981216604938,0.00401264239805733,0.510967828023328,0.980729911935227,0.0615171336273443,0.54275048163944,1.0353457362074,1.87617972652392,-1.00119671182812,0,1,0.983722091900117,7.57683520305991e-08,-8.95127405764293,-1.74164720449371,0.394417602870791,0.632996320651309,6974.37375,644819.342891626
9.52898135443402,10,1.54259750685293,2,0.811491461314388,3,0.905035955376157,2.90611833047036,-0.0535848439295255,0.0586496727263699,-0.565321125209785,0.418178698895069,0.745159805994567,9,0.497023879977493,6,0.947371411762292,0.000100007545649188,0.994730018137039,0.0540742863629486,0.0936214838141682,0.862902911301235,0.00889020236266188,0.522731536831904,0.695343553660088,1.24548212494544,-7.0201705232536,0,1,0.952283093353045,9.85034497182454e-07,6.67762570949487,-0.706155232938932,0.137144351918526,0.137001333051362,5692.08936708861,156959.98940344
2.26500083117332,60,1.31629100626732,52,0.347569736019002,57,0.933942309980521,5.29891723136701,-0.0312868576086613,0.0750111377535949,-0.434977038354313,0.265585745156974,0.646779697350426,7,0.48065747577456,5,0.951993037612248,0.000100003686289084,0.993982105284794,0.00732620786069498,0.993709758353841,0.878317288461458,0.0599376775859554,0.512624219859669,0.798382457725393,1.71056523420227,-2.76953841147358,0,1,0.939859472145519,1.54773603370812e-06,7.58550573682148,1.59472122526606,0.239723456206845,0.36260507762033,5970.69769230769,227502.322236164
0.889846201486072,39,1.06779682304022,16,0.474658092875392,13,0.945577225883255,5.166385333607,-0.00464816341642908,0.155823917548873,-0.425448344072099,0.491558857993622,0.655816767992072,5,0.434804439470432,5,0.951860416983844,0.000102538387232624,0.994540306278168,0.0227140289406723,0.27682375479968,0.921232494892638,0.0454648313045627,0.478984229590486,0.957497130724184,1.71437076550729,-3.91862613950126,0,1,0.954960778810047,5.57530801211894e-07,-7.69082498181594,1.49027213561399,0.215414975329692,0.228736902713481,6282.56987012987,244949.510993404
1.97182262946849,48,1.27099518140974,40,0.412224414328675,45,0.913447880935277,4.21724240841663,-0.134690206112604,0.0808304337860564,-0.59123014970214,0.478254245686069,0.733776737997147,7,0.518208631446344,4,0.880096806653227,0.000107377479466802,0.993826185077907,0.010895396495223,0.199285209317251,0.853620452847996,0.0479499056941048,0.558210789480843,0.82980494554282,1.17348829374176,-3.01410125960245,0,1,0.946251100379265,8.91245734698693e-07,5.88616049465115,2.52259841046602,0.106912225726621,0.115663124604366,6164.27858974359,112126.242079804
3.13286633392991,10,2.08303574153355,74,0.993006808418561,69,0.898397849312818,3.01516382652781,-0.0308133766015939,0.0638646109121821,-0.532435257646118,0.39126680310252,0.735272871884954,14,0.551296963899792,10,0.989099337888474,0.000100106823980342,0.9949941731431,0.069867385774876,0.223673704005629,0.822763305833211,0.00880590633711841,0.411512588375607,0.861699763994435,0.804125222242958,-7.56151491205914,0,1,0.937362306568577,1.68730820798344e-06,4.64407121402539,-4.5031267423773,0.195986210000545,0.231369415411673,5061.2397826087,104465.950986765
0.893264841473232,44,0.890056781741251,36,0.114374794026471,63,0.968507262121043,7.26855964293632,-0.0988859329954283,0.0689257835364206,-0.509184534704177,0.355258576818043,0.813663970554646,1,0.126104890198705,7,0.919449337485313,0.000100008668240277,0.997528213048149,0.00179273012470068,0.702647303176965,0.951597070857857,0.0367206515589309,0.605802660019977,1.06566038055006,2.21051897943065,-1.98829704630055,0,1,0.988758959238126,2.40102703122886e-08,8.89795766115951,-0.713829811137344,0.129487546189395,0.127794891845649,5689.75813186813,572525.234686471
0.43397210850976,48,0.873542953709598,39,0.0843681893837273,47,0.955796408401681,6.24307682627608,-0.197665023672591,0.166990493556358,-0.634516545160174,0.705221798925187,0.870625820831117,5,0.192405357785805,8,0.848786582346456,0.000100012078252659,0.99719928470409,0.00131958561498322,0.0272235098081319,0.92441797222755,0.0536995032321838,0.587602185982602,1.04038959943286,2.20046820466169,-0.0437539981829831,0,1,0.985853716129969,5.49829760782001e-08,8.99057764542902,0.290691799657848,0.0373436237128492,0.154495311018586,7257.09711111111,429180.02477583
25.1091925858668,10,2.01844159716647,2,1.07354435401276,4,0.902932505287678,2.44283604924459,0.0312151419528602,0.0799048010771311,-0.558336458680307,0.409509078942988,0.720025156774902,10,0.500330123649558,8,0.995734457472387,0.000100019133938053,0.994760929838808,0.0575094820264767,0.734809635116367,0.870758817447446,0.0354178339270042,0.466333457767179,0.81967634270609,0.901419387651262,-8.03315210121837,0,1,0.949068470368472,1.23899685993875e-06,5.45015838619387,-3.36149916826541,0.229563809198185,0.199212024418651,5306.66481012658,89873.2698637455
2.89087641925886,14,1.36177240302045,7,0.367157560973336,9,0.942366999313515,5.06424511664911,-0.0609027933237938,0.0825174325795755,-0.46003342071441,0.276115857460971,0.863539072410566,11,0.294222536267717,13,0.912817303357384,0.00010000684454401,0.996164873600243,0.00546118704785607,0.0362593316543104,0.901871817915094,0.0411287629694533,0.485747747176952,0.888629676333858,1.7066321127086,-1.24821931938529,0,1,0.972081777416652,2.66108520696079e-07,7.99766535891689,-1.15473630269867,0.18361212586328,0.263606898922225,5940.09717948718,227516.084534799
2.20773073866961,15,1.77716770238352,8,0.603610254671117,10,0.918559887766166,3.20491179864781,0.0992572908372746,0.121035141842841,-0.421329967150094,0.233092234755876,0.396716944756406,10,0.540821104321761,6,0.994781009953167,0.000100007964710081,0.99357075007321,0.0223445908584915,0.997249691453283,0.862470922699071,0.0277064493508552,0.492056522993772,0.862309362955184,0.621488267813513,-5.88641825130914,0,1,0.931899492307328,1.40088884112738e-06,-3.35388916974512,5.78440285016872,0.259148767665476,0.48025294758122,6682.68294871795,86540.1526236597
1.17827164487197,61,1.30938799916747,55,0.394643037389689,50,0.903393526246013,4.00266410522552,-0.33736315516531,0.20321013779338,-0.644881564663148,0.600706802042231,0.898654977466406,9,0.270310239913548,9,0.644436748542596,0.000264426539068152,0.995156703426668,0.00804523996324156,0.047864494205435,0.828980288997695,0.131756286511122,0.747450927408149,0.839045892655378,1.68730127848081,-0.853455218826467,0,1,0.964529257331277,4.78315472481588e-07,7.88612715234068,-0.311903487764298,-0.0443717123613875,0.12910280065599,7795.16452054795,137778.766597336
0.861815138247571,38,1.0410776698027,50,0.669097810779428,46,0.904639583681161,4.16001078455816,0.35418614118107,0.671685632119211,-0.0863866313054094,0.396531843706583,0.698667644392222,9,0.364230170162565,5,0.999899997444633,0.000100016164690074,0.992812257832879,0.0227531959417956,0.215660763231788,0.983885832416196,0.4486096781192,0.392370692246383,1.05479450462691,1.3206557936501,-9.16813656665617,0,1,0.895103237839957,3.3786913288475e-06,6.21761240797526,-4.30246136262734,0.537551319147184,1.2902943517386,3775,906110.256410256
2.11578168863445,10,1.42424374625962,2,0.983045041491278,60,0.804381358500272,1.69536223336781,0.101199549378022,0.208429204408355,-0.277514453784327,0.373727789586783,0.357270184756185,14,0.692797487956664,5,0.999899933513247,0.000100060809952714,0.990453351127511,0.168116181663332,0.00380705411023637,0.712565159669294,0.132322614095177,0.44173815969741,0.720857833992653,0.74448824122872,-13.2827902006233,0,1,0.855674687105894,5.27858216158092e-06,3.95320847464369,-4.71260363024273,0.286740804354748,0.561608701376785,5326.26582278481,552348.377150276
5.03058642049767,50,1.71974112474429,38,0.519346065735527,46,0.871136003931849,3.79768205651261,0.000226237568194119,0.411645383403166,-0.34598931688503,0.548119741306832,0.623215784630381,15,0.603611837731827,7,0.975763419275774,0.016782590948588,0.988919859628815,0.0162047554128479,0.35515983338963,0.80830940182263,0.20289476539953,0.530387057847547,0.976824404635191,1.07932019708277,-8.68682728113669,0,1,0.865373931372726,6.67799826352446e-06,-5.36285519707122,1.07642531477833,0.240628502510541,0.823016081071486,3661.39240506329,753186.497890295
6.69063080733095,67,2.43634562297641,60,0.879680243671228,58,0.90684075517541,2.65301188754234,0.132137689183723,0.108937363528366,-0.318975088191956,0.245636162520647,0.848421848002677,11,0.596728837074909,5,0.999897960398638,0.000100006384775418,0.994109210564264,0.0695494568966669,0.712374467155999,0.879873432976237,0.0778286532584279,0.391082665400804,0.153373280115638,1.07342653605676,-4.23963813456828,0,1,0.927370153660699,2.22952319342573e-06,5.99514898118692,2.70821308767706,0.307369573825007,0.397500994603982,4547.91139240506,1083052.31256086
2.93669593785124,45,1.22323054647361,61,1.93338920590966,60,0.744898247318611,0.983372016000924,-0.142278197107273,0.0721938907729983,-0.544798169224175,0.318199941090125,0.84782006772585,11,0.793284696925586,6,0.798098515282706,0.000100000358316121,0.984123954956968,0.0987434763703033,0.830778939434412,0.57420266771847,0.0793081721926786,0.526885424466423,0.176710517564795,0.713715396271237,-16.2573165135951,0,1,0.791226214618243,7.87182446246847e-05,-4.56887496777581,-2.53025934970719,0.154500543031612,0.284621939509971,4954.74683544304,937677.499188575
2.38352441893549,47,1.35210972615292,61,0.638827226094683,58,0.887171088844984,3.93598453173079,0.215580723304208,0.669402870626273,-0.0575087461673181,0.642570037424328,0.733387227566773,12,0.497263172971767,4,0.99625024710369,0.000100091340524168,0.990217862966583,0.022285381880648,0.313114568634512,0.901779142722068,0.332067561187689,0.461923807601812,1.05945382276205,1.37820513422714,-8.58526594301367,0,1,0.864441922295537,7.2961007996491e-06,6.44658629686126,-1.80500176471007,0.387627050223724,1.14762504400349,4211.45569620253,744934.071729958
3.67136677745523,10,2.16088855153478,2,1.19015087304641,6,0.814307785408065,1.47846728210267,0.21945379946374,0.531066227491969,-0.131225665044826,0.550191866990753,0.402184379921631,22,0.725438147427206,4,0.954730985150079,0.000100013472923198,0.987478794458411,0.0152034129250759,1.01558714686135,0.837166073756802,0.339983915983773,0.470400434863384,0.934483619584554,0.645316395470907,-14.2041044321561,0,1,0.785463384339077,1.47146697043132e-05,3.8556037699957,-4.46999792113589,0.400029933024368,1.06795435759613,4685.12658227848,461516.650438169
1.51427035843195,18,1.16435244156135,10,0.550500149272444,15,0.861539100125611,2.62940396432046,0.0149878772837224,0.187874564998517,-0.397458899828586,0.440141099896102,0.523871071329911,12,0.60617928183344,6,0.999899238601992,0.0001000514365749,0.990577954367928,0.0174197538034872,0.242221350058764,0.777187424510331,0.10193628136791,0.410244801064088,0.836313854293668,1.28150432209373,-9.43907553234009,0,1,0.853948323091232,7.30508863363545e-06,-6.12158689055723,3.94683417950006,0.37895669960234,0.400698266452101,3306.51898734177,456857.278481013
1.72323939721462,53,2.04950707054698,11,1.46718510212662,17,0.831624717864674,1.38961107290518,0.262577633362861,0.332233748528194,-0.210240936446299,0.32841216639051,0.652278588226813,20,0.755863809450643,6,0.999899930529829,0.000225701964148219,0.987407333142489,0.0892794280099506,0.11918690521875,0.840775504028283,0.18221016779174,0.27165011484833,0.698631802174817,0.229896307716985,-16.0440805112189,0,1,0.783233596373924,1.08412534527238e-05,-1.31050191088334,-0.594639630748689,0.43721674215464,0.873103442915042,4197.84810126582,387009.4125284
2.22909108716152,65,1.98775032880279,57,1.50284879377854,60,0.718820978043591,0.951549712859631,0.0930238938888993,0.34913634556773,-0.32211507710031,0.360173066845685,0.504375136072303,18,0.781867914938334,4,0.981156012068527,0.000100060547764064,0.978017612365116,0.268201392726481,0.383545638328158,0.60448057195735,0.123313244084219,0.410708206250787,0.178659124040938,0.265555053053189,-22.8563229549074,0,1,0.68547348910395,3.30313689463604e-05,-2.10394046979095,-0.188912155404427,0.29694555137437,0.882700247845143,4345.82278481013,371469.506653684
3.55370336277521,22,1.91173821628655,14,1.77170331313684,19,0.803650364913227,2.53442614722148,0.0686481211167655,0.184680763317123,-0.373216424524694,0.307361215064615,0.446747488768079,8,0.672474145222117,7,0.999899846195534,0.000100012582913649,0.989415549484397,0.102380666856765,0.212538411293825,0.687166720495222,0.122322474334208,0.344344348443704,0.630041814288348,0.502270556883195,-9.49141018274525,0,1,0.853697241858157,1.02780070954423e-05,1.70323841440923,6.83668642775929,0.287646553553537,0.401208999878635,3498.79746835443,524101.419993509
3.99080402472952,26,2.00757452366563,19,1.04728679066164,46,0.756745974128637,0.977976340079609,0.204844305222542,0.267222153982357,-0.168793260994246,0.23743289725037,0.467006017041871,13,0.828481641655847,4,0.999899972865703,0.000100007877676656,0.98012753118172,0.154466034131958,0.0439535540303115,0.709224498442073,0.242584186293652,0.343167403404577,0.512063246158804,0.542501793762054,-18.8802585150392,0,1,0.689947289377888,3.24179456227964e-05,-3.62958789528296,2.23531032253954,0.405284586433589,0.599383011674039,5051.45569620253,323585.35378124
2.78773992850483,69,1.61062927794123,18,1.02047861972752,13,0.805825038750195,1.27179486260166,0.214634933145933,0.359390624442507,-0.192977889328611,0.428885124845991,0.567393097102,13,0.70373990956643,5,0.999899890717783,0.000100378526310382,0.987541397728589,0.120450283275576,0.0719962121255081,0.767037901208281,0.280453131304018,0.41788369126673,0.397286888756862,1.04048617014376,-13.0180134878821,0,1,0.785087190639287,1.28093402496152e-05,-5.70181521345193,0.0273301163721177,0.4461112050486,0.721681278461628,4112.53164556962,836400.559883155
5.66967169642352,62,2.59482436265537,43,3.53806011364371,49,0.727332657218694,1.05362635320455,-0.153459847279992,0.130676586643594,-0.557108240803695,0.498205088850099,0.56831898890202,26,0.822890387230001,4,0.804296223503096,0.000100008928536794,0.977803009927006,0.593367824913809,0.56087406730335,0.545817845239034,0.0623153436106225,0.541377014834575,0.540103872351916,0.0965182780021097,-20.5134439575492,0,1,0.741872564929121,2.03361072218291e-05,-0.0814718708156148,-0.0375516516181626,0.162226035824352,0.222588472714435,2183.00394736842,3802.34198154386
14.1440932615524,25,2.48335505303506,15,2.0800928647107,11,0.825842459203665,2.61391818182174,-0.408050625620801,0.33066130154747,-0.732020243349128,0.804125129780343,0.576799383450683,18,0.611072529503467,5,0.669486124711855,0.000100004843493354,0.987864562688015,0.479388161325965,0.0980389531327663,0.845703051220896,0.218210441967242,0.814592750400712,0.58430724320112,0.344073702380516,-9.35637746546066,0,1,0.872338264347212,1.41743472244724e-05,-0.988382835472769,-5.8835377266158,-0.0817134058869011,0.22390304799566,2294.22552631579,13752.531790386
3.17730993605191,52,1.21358451204297,20,2.00973744239061,47,0.480350928913577,0.382638424250054,-0.367065153954,0.226479102815,-0.663881347010954,0.655922128048728,0.264041562941332,23,0.941012906417514,3,0.544505370070709,0.000100005273172885,0.861641220420172,0.202522235505617,0.065639166697574,0.276726323308011,0.18778659363123,0.657692110381133,0.241559381540951,0.425604786301253,-40.8214346924463,0,1,0.466675342467184,9.14745174450247e-05,-2.73265928108074,-0.39210517386605,0.0988569699236024,0.160888327357639,2192.48763157895,2707.99539431579
1.7111227072877,15,1.63418741409816,7,2.01726038847162,54,0.501882803402947,0.36975918481099,-0.284548866281209,0.171639431189945,-0.610853284060051,0.5223581595798,0.196141748634473,27,0.934221660578226,4,0.616679589687654,0.000100051039377394,0.890002882788373,0.407394953495104,0.0027146110724314,0.279160150920026,0.195194989165802,0.677009967766513,0.171080250703348,0.115219058502008,-37.8270551249271,0,1,0.518944847549897,8.52064908603955e-05,1.34758543464833,-0.340242604935307,0.0969471186529611,0.190262296281699,2172.11407894737,3786.04997114035
4.31796772403856,10,1.72727114863218,2,0.794194463822069,9,0.557987681321867,1.11409796528046,-0.334520443465071,0.252484356608918,-0.530662072323048,0.456141860385619,0.179023467939124,31,0.851727575027868,3,0.0651808782071916,0.00010001787733092,0.914995001459871,0.0442340284659116,1.84494389019807,0.373705814464756,0.285439717056486,0.698460926635832,0.726352281338738,0.691113247034998,-27.4255349054986,0,1,0.553148992506255,7.11013026903409e-05,-3.6984924556223,4.65677078756093,0.0665649865757247,0.107294874332776,2171.38263157895,4416.43599031579
2.68121665378416,33,2.50564040449898,29,2.04742380657046,33,0.635309047556351,1.20365574770655,-0.298783475713184,0.22236299115318,-0.5336933925722,0.434043758759601,0.295951786762052,24,0.830837095658,3,0.506618401204595,0.000100002321879569,0.946353589216778,0.524888621327702,0.0898103718127687,0.470550006519141,0.199016646932712,0.783815425507412,0.364956287873347,0.172859033153164,-25.541026740778,0,1,0.66690420559518,3.88551573135863e-05,0.310294468727452,2.86360292858681,-0.0329955287431982,0.147848338451546,2161.51460526316,5365.31929717544
1.01490453236248,65,1.10969891095204,4,1.06590289965005,25,0.296137818453288,0.371934774047031,-0.453313126874721,0.242652739021651,-0.6396187449087,0.480731759701062,0.0556382946176437,31,0.981469480599153,3,0.00010007152185819,0.000100022140654755,0.741147807263975,0.125944958726378,0.655215741419997,0.146636860145525,0.398071546869158,0.883375546197042,0.413293167270217,0.867218373503365,-55.6626601502204,0,1,0.307140792870357,0.000231340401236517,-3.34871710847568,0.485729689610102,-0.00561410571465029,0.0606260856651829,2135.02947368421,3049.29081038597
3.80926016401563,42,2.03173492634088,34,0.714813471937786,2,0.596769145081153,1.09718637820343,-0.430219183939031,0.356100825194456,-0.655458206240908,0.661258923577777,0.216457892681249,23,0.822727027301711,5,0.410631096757447,0.000100015747125862,0.928251313808817,0.0794947878875371,0.0947389289608426,0.503219056201079,0.304170955889733,0.707656140890529,0.52762403401839,0.599947307638851,-29.2762444862094,0,1,0.617854486116091,6.04248746250113e-05,3.94002168703901,-2.26981223649317,0.00851088882451336,0.179383906485207,2122.86328947368,7280.45787836842
0.309861953865072,58,0.926142741092699,51,0.0860789580497607,46,0.957820270327632,5.9270001343235,0.218886934936229,0.118730764250152,-0.346584342333158,0.207287714167685,0.979198494931628,3,0.0737023698622466,8,0.999897381026393,0.0621025670585505,0.997291959353152,0.000381818493805294,0.411977791252473,0.920611805303333,0.071228263751733,0.386787994901318,1.05538037311347,1.71918022638205,1.46648676450857,0,1,0.995468401361507,1.36426612946704e-08,-7.85631195439557,-2.60845078031802,0.356770561933428,0.508567498267788,4178.01408450704,408865.95694165
0.410542482332037,21,0.864779594672269,13,0.114301154850976,7,0.978617204917686,6.95251776324008,0.13018446662307,0.181466681790794,-0.538576898059049,0.325207918269354,0.971714109952311,1,0.274096057909602,17,0.48139551561494,0.339863938000547,0.997422164010149,0.000863270568984085,0.336242799860967,1.00659762513269,0.115813190763212,0.624831667119868,1.10377877759254,1.79101220981527,0.0363695200778889,0,1,0.997660416452751,8.26814337869332e-09,-8.00706025726805,0.559346813472934,0.0279368544919712,0.0810310238379796,6089.21126760563,585656.083299799
0.236117507089392,10,0.647620589614768,8,0.0407838142617837,13,0.961085005370993,6.24643263699248,0.0809193816144024,0.205830497824541,-0.345126379338237,0.479537909075263,0.995109955976471,1,0.215855337215658,13,0.999899877868351,0.0663829324920852,0.997584282032631,0.000268854304075007,0.459530024187063,0.927605954654965,0.169864266779721,0.565948572280679,1.111458607676,1.86167505664367,-0.782554745433797,0,1,0.999320776464682,2.1758367064034e-10,-8.3004224443729,0.684865730130815,0.138691852626054,0.212399714116034,11102.8450704225,7464672.36136821
0.358852821411829,56,0.836430798521662,48,0.0713517892415543,53,0.953307240419455,5.7542917257203,0.111663832713849,0.104460253677581,-0.377111485416823,0.332750107517996,0.991766332484724,1,0.237805548652325,14,0.999899996772795,0.000100000946618017,0.99744678821121,0.000831937035266646,0.697279184428981,0.910787650497404,0.100177962993181,0.511321468896609,1.0790537153314,1.81818437048293,0.0972043802989513,0,1,0.998732790278065,7.44241184382438e-10,-8.28006507166527,-0.613980709794339,0.229539345565338,0.199051219471583,6236.12676056338,859170.855130785
0.35946876697867,40,0.87163589105276,32,0.0770177566422084,26,0.969671633580547,6.58535638808406,0.0484762098965532,0.177274894620904,-0.459223993588923,0.437272321722683,0.989365731154509,1,0.242220010175983,13,0.942622089882581,0.0986081595854038,0.99748750062968,0.000343503584557997,0.64503673406327,0.949523865227087,0.0399078046062904,0.462131797660444,1.09604533364469,1.8218281952553,0.748581915293031,0,1,0.997226164642129,1.61854049407975e-08,-8.09665776639768,-1.24946541840576,0.254596164745856,0.251063664548274,3177.88732394366,439273.015694165
0.227017717606848,19,0.820866644893199,11,0.0870657849982758,14,0.965229326136503,6.305331305857,-0.0022553079483056,0.106161034448854,-0.513361833384293,0.496314507747946,0.982674858639208,1,0.203787099061727,14,0.971634084176635,0.000100000050344289,0.997528213048149,0.000545607376886579,0.606397218075388,0.938475055353514,0.0445195981057921,0.61489302466884,1.10905280012796,1.83375941171298,-0.527112535212496,0,1,0.998449008275094,3.72120084209698e-09,-8.23303065264579,0.986860518593182,0.186605615209589,0.212746944492709,3907.52112676056,613015.395975855
0.523333348529005,19,0.984360720531301,11,0.212579817153633,14,0.959280396831297,6.12401638357515,0.0371566813499487,0.141719992544943,-0.448468572663956,0.356355877307004,0.885708319684038,3,0.0587351185595992,14,0.998406606384701,0.000100015528981278,0.997244298164985,0.00154394809915439,0.00704178757067172,0.923378868295614,0.0289759701462933,0.480065525785622,1.09718407419929,1.80516807093976,-0.860942332321391,0,1,0.994819398477699,4.70211821157837e-08,-8.14634382004389,1.0972911962596,0.232496547648354,0.292801692460281,1669.43661971831,138019.792354125
1.52824284775339,10,1.01972201129845,2,0.077440617213186,2,0.940098768953563,5.25133852432492,0.260381771549677,0.134317380407861,-0.348833350892899,0.201337592698616,0.905202798183516,3,0.194140767443826,12,0.99989980688386,0.133825555111901,0.996758565636341,0.00373411287941224,0.545766878518813,0.899129563725848,0.0953739354022337,0.356952949755202,1.06925291887748,1.69434723279766,-3.47019362969172,0,1,0.992400819424719,3.68597181030061e-08,-7.83120896401045,1.60841258116184,0.277572045508419,0.230516450890148,4386.12676056338,254569.969416499
0.250770155118136,60,0.979583932118503,53,0.136275844113944,5,0.951437582950922,5.44090904496095,0.224017595041697,0.151033238030017,-0.438669316270375,0.365327969989014,0.984114505214816,5,0.302484062412337,17,0.999899916165753,0.10711777398514,0.997315585068854,0.00120192762382521,0.262392959914755,0.911140607773052,0.107508408773435,0.399993513610961,1.04918539961947,1.74941128190786,1.34649291703118,0,1,0.997259767787314,4.79337053424407e-09,-8.08521846158292,-1.36756608087721,0.361313136903203,0.422645962234485,8187.74647887324,996157.306237424
0.207836907382956,41,0.671845856275423,38,0.0607193657564608,28,0.956023954823864,5.96448022315812,0.0360350337744749,0.0545905695183484,-0.430646585296162,0.283105226918071,0.989199272748604,3,0.207803303934633,10,0.999899970121262,0.000100001421903606,0.99748750062968,0.000248109963376777,0.267165371596126,0.915491892047305,0.0251125772760315,0.460929599218232,1.08774121175144,1.84963870913729,0.0593551015127471,0,1,0.998451258981428,9.97348201043651e-10,-8.30583484624094,-0.492521797805996,0.273535434842385,0.273789884347715,3426.97183098592,395657.770623742
0.159695012184291,49,0.795210785270954,50,0.0504635943654362,39,0.957833787274951,5.94933889162971,-0.101904923438431,0.146094297588381,-0.606641075051744,0.464703180881695,0.992133977908944,1,0.222982064635524,20,0.695861010301619,0.107260186244057,0.99748750062968,0.000488526545411875,0.177990313636422,0.921955114153722,0.0997820384461273,0.730939306287093,1.06810006687953,1.80630576124966,1.40766782639348,0,1,0.998693816307086,1.09373560955912e-09,-8.16754572469718,-1.61563537524779,0.0156698872425918,0.0800677551977919,1912.40845070423,161730.673641851
0.330484981623732,10,0.704768034115046,2,0.0568339563117787,22,0.954989180075511,5.77407626176724,0.111775816205875,0.151678108714909,-0.397325115686277,0.203680533443196,0.976986156625164,1,0.27211828668769,11,0.99989995401992,0.000992945459246478,0.997396181242596,0.00052099777579948,0.00964498650593432,0.917040376659869,0.077218540570856,0.315547039756269,1.08762525313571,1.84705329095312,-0.746612849249083,0,1,0.996905375892496,2.88362372871778e-09,-8.28827819934732,0.676538540079763,0.366322146379468,0.57420109038941,4728.22535211268,544395.205633803
0.209332902044431,48,0.895722203109952,41,0.0775795435062303,46,0.958789715722114,5.95812711244545,0.402912211498448,0.364342463633715,-0.226083631799144,0.216662997058737,0.992597678985852,3,0.227982856588755,11,0.991584607051455,0.200130660991775,0.997433221272076,0.000309985864851476,0.585621152410817,0.923337310831063,0.254580401937475,0.374871271761778,1.07077503016824,1.7327129005126,1.0473928097921,0,1,0.99837197446891,2.34678478951032e-09,-7.95359378053514,-2.14325900048611,0.374679429727052,0.536541675002886,14095.0281690141,3767494.88490946
5.16701099424081,38,2.04581078142113,28,1.48706102425199,11,0.895538713466421,2.53835351095535,0.155139316617779,0.0796821480261304,-0.341191545710924,0.180117874940437,0.549175827270411,5,0.636737744871044,10,0.999899908429689,0.000100050534079692,0.992133031219904,0.285683209048451,0.122741994112054,0.849922213344142,0.0488798654516208,0.381797604588808,0.667700230601426,0.87233486264007,-6.206787569908,0,1,0.911212182714111,1.24597386969777e-05,-5.14862495246842,-2.7960747468706,0.337174919513286,0.376124696862513,7840.52112676056,110903.653118712
0.186759365321172,10,0.769272007070771,31,0.048807578302696,24,0.956041396550034,5.98710716004628,0.221171341670239,0.306775130647305,-0.555300607234473,0.860795159979879,0.992379260640459,1,0.254599040842646,19,0.952909919435763,0.265807115889846,0.99748750062968,0.000231960755767341,0.707283314314866,0.916761892408304,0.143138551464431,0.391370658386721,1.07868030392155,1.81678566867487,0.312545401839166,0,1,0.99907383309284,3.26277198635295e-10,-8.17742144299615,-1.27996412840879,0.291052465688768,0.272016944895055,10991.6478873239,2371684.51710262
0.517272592351555,10,0.82806549344407,4,0.0654837677474653,13,0.957763908760058,5.51662474067814,0.0795155122285232,0.0314555114196353,-0.488944407491392,0.279881912970421,0.984721962439608,1,0.166116686916482,14,0.999899996491934,0.00222302105989127,0.997440010088517,0.000632927764097201,0.129380511551043,0.934263339889529,0.0180160786309765,0.322843498694737,1.0923867234063,1.78727440065729,-0.640027081292718,0,1,0.998288735248144,1.16823087735018e-09,-8.20059752837692,0.767724003086502,0.217175368625351,0.150429864173207,3490.92957746479,779941.037826962
0.174883339554817,37,0.650684274721232,37,0.0487734037462681,26,0.956954636200262,6.02273848345373,-0.0856648557676507,0.109607741407252,-0.582144493346347,0.495817018979619,0.993816684114169,3,0.23740527893239,12,0.926064727276866,0.000100002187283228,0.997528213048149,6.57666853735888e-05,0.628432949802226,0.918513741180062,0.0450717250856326,0.593015830100037,1.09444342481723,1.86024519739684,-0.0878040587147465,0,1,0.999141180931168,3.52904903425601e-10,-8.31460485497311,-0.460776067330704,0.136145903048982,0.186354900350023,6134.30985915493,1615363.98832998
0.537046625404082,54,0.950126421090803,53,0.102086149150591,41,0.936952314708196,4.88177917142696,-0.0778796543151697,0.0312138541580429,-0.55507959465344,0.355726537056316,0.962412376032264,1,0.244375223332781,9,0.871741980461553,0.0550938732222089,0.997031151725105,0.00455031451167644,0.565502968749894,0.882834855987708,0.0140782197340178,0.581375983667886,1.00333208389872,1.69179335952749,1.54543716279797,0,1,0.993902451582685,3.0472607160253e-08,-7.86545844154789,-2.27506218658084,0.158613900544109,0.117570554094393,2166.54929577465,100495.622535211
0.432138773463963,10,0.736853659647457,52,0.0540760899810924,23,0.965063013999267,6.34386319249584,0.291461367462544,0.697691112466831,-0.53976405570847,0.325965985970162,0.994134027041013,1,0.202082374216092,17,0.92736024585059,0.160243060964732,0.99748750062968,0.000564543271723981,0.507562410641928,0.937404220812009,0.199180219785372,0.496179436357266,1.06737746376023,1.72654531787749,1.77243231542598,0,1,0.998751275302599,1.14329712019236e-09,-7.80695260614609,-2.6811725536547,0.230520124734666,0.228224577218999,4217.33802816901,699327.969818913
0.156731274621536,30,0.597389825171696,24,0.0374898759261122,5,0.97000810836626,6.53029314956131,0.245113683476428,0.302827074958039,-0.564764202834385,0.406924113941438,0.992618884574655,1,0.195524184269782,15,0.880871148604587,0.228679859013356,0.997578439337863,7.6496120870891e-05,0.623471187537165,0.955332105949143,0.158026208275045,0.448062611519603,1.09199977271808,1.83127348633238,0.930237477950835,0,1,0.99902302976259,4.26684483672768e-10,-8.17827483388284,-1.04290967909167,0.187296164487474,0.124722149730218,7809.80281690141,4177492.56056338
0.547594278812876,40,0.76331965700928,32,0.106265436282093,27,0.967515407965127,6.29056635783676,0.127650865700342,0.0475640574870661,-0.460318626758179,0.316807069291983,0.982319666616241,5,0.0540828013764103,13,0.999899984463592,0.038160135458388,0.997319991158382,0.00118663086258253,0.222491558681744,0.952944294330153,0.0306344266396399,0.396911613016923,1.07855264084095,1.78589881681308,0.741159397158704,0,1,0.995626949561887,1.92516205696552e-08,-8.07260247770812,-1.47663614813609,0.273259031840744,0.207821996390905,4265.19718309859,363479.846277666
0.147274723379504,43,0.727191595379841,39,0.0452216463390989,43,0.964161842445424,6.41253632104416,0.204144701260952,0.259007259694335,-0.404210452749745,0.228906514741296,0.992020575601729,1,0.227782954757994,13,0.999899973006002,0.118586992069376,0.997570105924644,0.000391493366142464,0.97905285184609,0.933168335974203,0.101198003009613,0.41698516308302,1.0854890001758,1.80651120161671,0.878212448062566,0,1,0.998946981154313,6.16351741543145e-10,-8.07979004270775,-1.81682058246498,0.21223239322641,0.204317796830094,2306.67605633803,189430.422132797
0.0969903778018612,17,0.556050827638767,27,0.0255699297814121,3,0.961921858338989,6.22509561445596,-0.318472685078855,0.213862554064408,-0.643885256106827,0.69109175330308,0.990617681688427,1,0.208784738870653,11,0.456519124131479,0.000100001622365608,0.997568925467225,0.00010919709754421,0.0926748281122828,0.932979603716258,0.141575816727253,0.82656173025865,1.09706360099512,1.86991294484759,0.351982309340682,0,1,0.998616449021381,8.84450879349469e-10,-8.34122202179506,-0.29119254176055,-0.0224172389674051,0.119102821230206,5815.40845070423,492178.816498994
0.272855465147381,45,0.893149190531093,37,0.107548210790038,43,0.964366513738043,6.70318779173587,0.176417263950001,0.100578215760623,-0.432939693869999,0.222405007783783,0.969882688691352,1,0.116858472542745,23,0.989250416155008,0.156199813131469,0.997443973462069,0.00133118636141104,2.71331411779506,0.931880679837964,0.0465982906135755,0.40154877175503,1.10453376674178,1.83604174667291,-0.928412543985778,0,1,0.997910615747857,2.2170106816384e-09,-8.16339195384358,0.171393621583608,0.250577998881185,0.215268305406714,8059.69014084507,2858665.87404427
0.155512928620237,31,0.622259285771455,43,0.0865504736470395,6,0.958256818839404,6.20035890870831,0.206658684952177,0.183647135661787,-0.29580447248487,0.206424726333654,0.961624982066443,1,0.0638305891287343,9,0.999899999496859,0.000100886754159296,0.997381080641225,9.70741599811804e-05,0.473087170899218,0.920506339130508,0.108352150070402,0.241438080708375,1.09129760315141,1.85514378158575,-0.000890006243894438,0,1,0.996359143086025,1.40506563593978e-08,-8.26409501788887,-0.873312783559157,0.368625075487275,0.399497651102614,1733.50704225352,174986.910663984
0.573201973687495,31,0.872668304823522,23,0.106560767505123,17,0.963864579253881,6.44846660138246,0.0157680493853709,0.0594174428120403,-0.569447686519859,0.407889770688424,0.98219956790151,1,0.0740097652778304,15,0.999899995482795,0.000100627466858351,0.997528213048149,0.000348045533354764,0.540199997550931,0.931393247289192,0.0236110002690004,0.465941537541697,1.09955615759336,1.86204915186123,0.0659531236716506,0,1,0.998300047417988,2.20814549013689e-09,-8.24631023092866,0.0814639877806999,0.249364973731604,0.240181276516703,2515,252718.4
1.88355870673096,32,1.70451071088356,23,0.569071147547796,17,0.983662656266948,6.32855054044742,0.622459201766656,1.36102965020053,-0.338491718506238,0.165035836147606,0.946366355147687,2,0.379631050419514,25,0.99989994762716,0.386880675387272,0.996743738662835,0.00505930099410899,0.00841636586672336,1.1619842166539,0.463930091748968,0.229412199882545,1.07936570700883,1.01382270182186,-1.69516975947373,0,1,0.995382971439683,1.88448282150836e-08,5.08808532315208,-3.84171040708229,0.456107138601831,0.429114296411969,2587.33802816901,413222.398390342
0.157068076834111,31,0.59241008776442,42,0.0366912419574128,6,0.962351316767532,6.37994607435682,-0.128476456405774,0.388085012335568,-0.562934571846944,0.904127156069087,0.994086021537439,1,0.182083828765162,15,0.847087821008749,0.000100001461325167,0.997575996442805,0.000122827582927833,0.309353093332702,0.929237926886349,0.22068895260509,0.70187346565304,1.09720630909366,1.86409765730765,0.176382403012678,0,1,0.998622122898418,2.86072863691678e-09,-8.3147148424652,-0.578674556229364,0.27421169207242,0.635502243202779,7961.78873239437,2452280.94044266
0.33769776111718,10,0.833641334976696,46,0.0656115069676044,39,0.960659397795649,6.09502154170306,0.0641192575806426,0.163039029499382,-0.595041710506538,0.548801549183062,0.988038437756249,3,0.306040548761168,10,0.965137417752689,0.0774269435204814,0.997327750590391,0.00037804270338631,0.485159058344805,0.929015182597037,0.147940076337179,0.563848484049582,1.06528613093751,1.69526548835938,1.46244075044881,0,1,0.996908581334214,3.71595622687006e-09,-7.773584936324,-2.84230812460782,0.22633825520809,0.342919898078673,3842.6338028169,312339.521126761
0.281006487573791,31,0.853232484007704,24,0.0835122516267837,18,0.966391003518465,6.62931080848688,-0.203550947164926,0.2024898123183,-0.628822249110521,0.646494917555276,0.980554397013632,1,0.123796352476672,15,0.832228786380667,0.000100000255300018,0.997528213048149,0.000612887032855255,0.499810940217693,0.939877425537078,0.156838200267502,0.711796341497143,1.10247046816268,1.85807400076323,-0.0166475060798395,0,1,0.997924659157963,4.17838720141605e-09,-8.21902932065456,-0.2046650006314,0.0268157983899506,0.123689160679704,1930.11267605634,178317.415694165
0.213482089670906,17,0.775496428081002,10,0.132018262789069,5,0.96131493658702,6.08144349068656,0.120399344101377,0.140345239341926,-0.429067222114426,0.520222849423498,0.980740864247609,1,0.260325951719621,16,0.996369841608329,0.000100000008395161,0.99744678821121,0.00108774776468056,0.0115407688119504,0.930085327763337,0.0869570159868379,0.471172719326008,1.08739570382067,1.84409227713146,0.188903228938811,0,1,0.997249870490259,1.0611533826373e-08,-8.2898552397017,-0.122879214671327,0.358455218483369,0.479354753816676,5835.22535211268,1063129.0056338
0.135589580535776,13,0.699847816192364,7,0.0654979896636467,12,0.961381176999705,6.1609672738476,-0.0227987100930585,0.0902950576726764,-0.598021519852082,0.520498835489881,0.986588769001169,1,0.198795350300447,12,0.967965342473988,0.000100002412455864,0.997568945897818,0.00055596366027125,0.197902682514137,0.92861902882551,0.0557583714755574,0.475397292015955,1.09950403115905,1.85879819837578,-0.12196641281116,0,1,0.998944826943224,5.35045996010126e-10,-8.32969840162905,0.247462289064833,0.201388179735635,0.160293752132046,4078.16901408451,716269.142454728
0.248113941812049,10,0.695832674206443,25,0.0606838837285931,19,0.959825875120189,6.11354210311356,0.00717861763569039,0.101723420746685,-0.498041283863231,0.508274004316851,0.995212688368051,1,0.230349716149455,10,0.999899869461348,0.00013626545305712,0.99757363697363,0.000268193861297324,0.108611644409725,0.925045444681949,0.0663327511344647,0.546260327552683,1.10000840119384,1.86628628527469,-0.447269489048928,0,1,0.999213856147527,4.50071300641371e-10,-8.29727184685859,0.480769594107558,0.256845766874755,0.146998238730887,5327.14084507042,2318858.57987928
1.10110174882778,56,1.22974837414226,53,0.163630784786888,45,0.943626560525501,5.16875983586011,0.0796109502710063,0.191145469664056,-0.460634161198548,0.50616606524561,0.986843062205822,4,0.342823479065432,10,0.999898109954569,0.0652313907781723,0.996764412949299,0.00256013463851429,0.0683580371602411,0.893268478746377,0.0277573156915596,0.593281832846223,0.996009470522488,1.59346568597006,2.45687688662781,0,1,0.989285498143754,6.15516571932375e-08,-7.42833381566819,-3.42972410544388,0.261082952699058,0.6511520122398,4770.67605633803,137136.650704225
0.283296472963613,59,0.936548039877801,53,0.0839362280055374,49,0.957003206112799,5.93149011921887,0.155754286185749,0.209533185955653,-0.521041633157606,0.331141303435923,0.99149783633299,1,0.277040350067827,23,0.974618214747711,0.101772787918866,0.997385349449347,0.000374771190391057,0.219638215050897,0.922712379628091,0.122954950706523,0.484406901122693,1.05286889285078,1.73847539496923,1.95434903863479,0,1,0.997769010594164,3.14185283649754e-09,-7.92627663857,-2.45879175198877,0.217614315863154,0.406681286495038,13784.0985915493,2164588.17585513
0.163340997898636,58,0.673202604912662,35,0.0626753293763241,34,0.960054899962409,6.11114297187803,0.137416702665366,0.174745772076008,-0.485661504521593,0.696389765988157,0.98758422956069,1,0.187468340277577,14,0.999899996642832,0.000101224322456326,0.99748750062968,0.000535192083183761,0.359319441271042,0.924412481313017,0.127380250892579,0.455337806536523,1.0799395656564,1.82727716904263,0.703873708664644,0,1,0.99793876713953,2.3550513476492e-09,-8.22601213967136,-1.20405063552604,0.348774344714405,0.409178987611212,6318.54929577465,625438.365392354
0.477910650226747,43,1.02299354934632,36,0.135283240166733,42,0.962545791933181,6.26702924145229,0.00256425737168866,0.103450623591907,-0.556271481812095,0.437499425575652,0.973314091475141,1,0.285711578963866,12,0.98587686525525,0.000100002402923598,0.997293100941511,0.00282315025364153,0.927380453979925,0.932405859672204,0.0262691682043886,0.53802740191942,1.07248635954907,1.69539481095156,0.388695513024285,0,1,0.995942437906618,1.14203486760054e-08,-7.76119438144583,-2.36327948832047,0.166117147682082,0.346534775731421,7174.85915492958,565223.008450704
0.496017363955918,31,0.764829436468839,26,0.0841509656421773,19,0.957732740326151,6.11595161795411,-0.183295887003771,0.197542306386721,-0.507152749634831,0.407769537409519,0.974278528467179,1,0.265940933128798,12,0.749850885563434,0.000100000704965882,0.997408441328046,0.000310827952118152,0.0337355225135884,0.918827478112554,0.108437759089433,0.747476720497198,1.09514136007775,1.86577018779409,-0.295449614717811,0,1,0.997351705354155,9.77418899234745e-09,-8.30930850039746,-0.0495313753970056,-0.0165991049821231,0.20662059093922,4673.88732394366,386194.815694165
0.299026302695456,31,0.780507233185297,27,0.0675973172379525,32,0.954868086904984,5.99450214138491,-0.0818296635093477,0.130126685738406,-0.444907404579479,0.343264871227772,0.98240158595953,1,0.177535880203617,9,0.835391245469526,0.000100003346072924,0.997420244701185,0.000623594652668961,0.0373585987545022,0.912846451159565,0.0670516697027955,0.645184482851958,1.08488317537251,1.86665669712678,-0.313455533412622,0,1,0.997795539578385,7.74710888174939e-09,-8.31538603503372,0.0352269042695925,0.0879877544403665,0.207136317497227,3765.29577464789,502718.011267606
0.262985011262978,40,0.820537850560168,34,0.143702429767936,51,0.955433940524141,5.61198431843789,-0.0702779291828399,0.0989753338163285,-0.548786233505479,0.495083437399543,0.877543727858541,1,0.251494519465373,12,0.927568480453309,0.000100000626057982,0.997136039778899,0.00278451224810213,0.396610752382778,0.924929562276575,0.0706652899536238,0.520497901740584,1.07620214007039,1.8245599370343,-0.217594898573612,0,1,0.993077740941478,6.62686766658474e-08,-8.20099495334506,-0.0778922281578009,0.206662003869186,0.240077376335735,4053.83098591549,241459.228169014
1.43911033558926,52,1.33900644802381,46,0.259014541576234,40,0.945287940584846,4.98633098303451,0.0698842073748008,0.180811865893516,-0.551850590367007,0.364968665031073,0.995117124909692,11,0.26757942605366,17,0.877682956990865,0.160386846399423,0.997096642350447,0.00399204381372219,0.505835916668776,0.899398235951637,0.0950401036533601,0.543242056226684,1.03019334898175,1.5054666351641,1.47013388781387,0,1,0.996084020120463,1.00215430955004e-08,-7.46399488162059,-2.73199543311219,0.126842023637084,0.0958503533294738,3179.88732394366,82757.4728370221
0.246596956484679,37,0.74682183129983,30,0.063223541356153,47,0.965744872883895,6.56549716886854,-0.169661019101985,0.0690133633313863,-0.585420134883179,0.411626345037712,0.971239105192733,1,0.312355853804886,12,0.844026369739618,0.000100000192961257,0.99748750062968,0.000321308193747728,0.517431051720732,0.941784888976633,0.0529074169065371,0.614899513734906,1.09740932664107,1.8362784121946,0.41376756835667,0,1,0.997442478002612,7.56467195677775e-09,-8.16693161435693,-1.15949867354907,0.0583724237307409,0.139574524855042,1859.14084507042,197387.09416499
0.15976342511822,37,0.715548808474869,53,0.0533492586253394,51,0.960455427464487,6.14138701074303,0.158651195959382,0.170841822012078,-0.46289709702641,0.504228846548088,0.989704436345163,5,0.250763350338682,20,0.991882693752022,0.0789595249798578,0.99748750062968,0.00047662446007166,0.506085542335198,0.927505795986599,0.0550474834870078,0.416624786903391,1.07676187023044,1.80011297963944,1.10206578075989,0,1,0.998689484705526,1.12295727590763e-09,-8.1022253887254,-1.87836198530011,0.24642021698849,0.221662551336997,3574.39436619718,239800.27082495
0.199565751841216,49,0.721949692862971,41,0.0753957998456676,9,0.961973199497761,6.44706989618026,-0.0572319868102094,0.104526677546803,-0.53764286999545,0.485691512363355,0.974608431851008,1,0.200093643690243,20,0.945629297033876,0.000157828072331957,0.99744678821121,0.000207815855104896,0.149918570208464,0.927848635692849,0.0358514185573105,0.532020668398775,1.08765964862342,1.84111841594944,0.648291974711406,0,1,0.997316482000379,7.26834186931499e-09,-8.20859809710383,-1.14861542168647,0.157264941605934,0.301908852643056,2726.33802816901,256587.826961771
1.50427420957815,22,1.07451296070232,14,0.224657435305887,9,0.959203630541147,6.23049844593289,-0.0521331033570697,0.0165578628979314,-0.521110458489274,0.28827322423582,0.949332448173213,1,0.100259522652068,14,0.9347170186057,0.000100000737170367,0.997325352538422,0.00261496839293161,0.194245714969047,0.921422031546577,0.00676836791767581,0.531419652102305,1.10177080682943,1.80878147681406,-1.09204398787373,0,1,0.996081457693915,4.35638010944776e-08,-8.13416904072277,1.41383521663996,0.158225568062646,0.113297913091271,40210.9014084507,114100204.204427
2.85443414333686,22,1.83860768970479,14,0.770532317111188,10,0.967040951162651,6.3794374039285,0.0169547238154946,0.0265649416984838,-0.487398605814931,0.251932621202028,0.86683591800086,2,0.175390788952006,23,0.992046078640147,0.000100670197993947,0.996246623559736,0.0442373817116192,0.0461312655191183,0.953108833714826,0.0242180130472538,0.537065379361869,1.07532522383295,1.36372269668939,-2.23676131677462,0,1,0.983107358445893,1.01990212639423e-06,-6.57572442945567,3.48692048187385,0.168419375638452,0.154613090331684,2229.18309859155,399561.465995976
4.36429437920481,22,1.70896535773771,14,0.775448999052013,9,0.955784763658813,5.91606598679379,-0.00516976394920257,0.010835770834553,-0.496758761482694,0.256680459188153,0.881909200708506,1,0.162734209397364,27,0.998911309431804,0.000100085813471905,0.996364198458933,0.0317254346565383,0.294800517062045,0.915859657294259,0.00492771292247542,0.478378097380388,1.07653051749251,1.6193875283076,-2.22333643846457,0,1,0.983496805454213,9.6633743436714e-07,-7.53706896936003,2.32825439236101,0.218601379867432,0.168678183325199,15776.1267605634,22371758.9122736
4.03255818948768,38,1.55711612068086,30,0.573236521929954,34,0.964408504294437,6.21832451451923,0.28252596100145,0.219568474708024,-0.214640824071418,0.251753062654807,0.911911338939747,3,0.133079280870961,17,0.999899999520777,0.00010002233309675,0.996791308758219,0.0263706703384537,0.614106763703304,0.945014630818574,0.134589158295758,0.32259891318966,1.06283507920737,1.74726426509037,-0.806563472684121,0,1,0.987851348203893,4.20052289045676e-07,-7.87564622314419,-0.385098362311477,0.406670037953024,0.563790656399306,8499.95774647887,5072587.29818914
0.192997220522754,30,0.751812993731076,22,0.0721162045484853,17,0.964250456190295,6.54155944571193,0.150298823265432,0.112180160011259,-0.46767651734332,0.338449003232965,0.987748506803329,1,0.138303453445857,13,0.999899997538759,0.0892989391214283,0.997586922603312,0.000145429035538158,0.715344696257048,0.931778453586621,0.0580446712283987,0.405683495518573,1.11027647618729,1.86718057558847,-0.339887881531221,0,1,0.999112100901892,3.86984765135878e-10,-8.26965525457062,0.448289470196099,0.284396047579583,0.226793795904631,12329.2676056338,4502617.71307847
0.350238889647115,48,1.05276455875443,43,0.132272834484538,36,0.955412951035975,5.52251007820565,0.583266548944964,0.764782059631718,-0.26228815924899,0.118052630101426,0.993815859619567,3,0.148491218156513,13,0.999899991326741,0.733318374819296,0.997326685351321,0.00112672106778207,1.30505101637793,0.921018798606516,0.354592629016348,0.154020184615662,1.04320524335305,1.55872148650861,1.80785321738652,0,1,0.997965094941707,2.96965514926762e-09,-7.44352798344014,-3.46606128048247,0.551555043246455,0.732635057326028,13306.4225352113,3216869.7331992
3.28212345939146,10,1.18240446698271,53,0.295570782630026,2,0.914952792843738,3.96605896880375,0.0726288487397764,0.075082558437373,-0.481011462181937,0.403549470208973,0.956148714481261,5,0.360535256468575,10,0.957012352130752,0.0572460946587065,0.996584658105058,0.0111677335846315,0.515076007334449,0.843507032182154,0.042311510495812,0.504076489785492,1.03610066222498,1.60436385128481,-3.21644422791193,0,1,0.990879578367318,3.15070337049178e-08,-7.79189599778274,1.14601752606831,0.178765896772494,0.145533634018039,8655.45070422535,1942359.36539235
0.421052388639177,54,0.810179364565706,29,0.0722515550616213,50,0.960907125171084,6.37552692315887,0.0560332643904246,0.0991105946111139,-0.451718002781768,0.411798573102247,0.973817809890942,1,0.134164279972331,12,0.999899978259578,0.0370784514366513,0.997311368469868,0.000925083030851713,0.30647372229119,0.924467329333433,0.0544159075017077,0.491330941192914,1.07237143923871,1.8022997005652,1.05176680467025,0,1,0.995985063734877,2.40082842000051e-08,-8.08642844255657,-1.60622069241248,0.218549848493664,0.205822620937873,8726.64788732394,1298743.28853119
0.504901460345381,61,0.851830355481019,53,0.106623478882972,51,0.955032885232041,5.67798893255324,0.147978186543738,0.087183443494736,-0.469466498436768,0.281928818039166,0.971398362746963,1,0.124599091593036,11,0.994847513327618,0.000100002636803626,0.997202290238112,0.00196598888346768,0.146318065253229,0.918153893416717,0.0404210807615836,0.344510655799333,1.05021218555789,1.74401133376589,1.10488440442832,0,1,0.994328487686,1.36486427342581e-08,-7.90366614777733,-2.19509874517459,0.393102908488405,0.519141798016032,14827.6338028169,3219347.32112676
0.599413521731009,43,0.984962587637433,35,0.112099417270097,38,0.971268016689354,7.04735384548822,-0.112545935611141,0.107031457366643,-0.569629884057408,0.413540029064127,0.898680961889412,1,0.200447865646287,21,0.811615451585571,0.0827923596683419,0.997270641046427,0.00167267873719895,1.229324981344,0.945364941834101,0.0507539972575476,0.74310636451201,1.10016130164935,1.77878170158864,-0.0378768623134577,0,1,0.994457181836811,4.36494229402421e-08,-7.93770978278492,-0.757039450955958,0.0930890989494373,0.327472974824125,4375.74647887324,527986.19195171
0.378793988852779,61,1.23775820423165,53,0.248348553627034,50,0.950765655841133,5.19717103372628,0.22579280969244,0.235832413568036,-0.498049922559457,0.393334213873284,0.986904363599481,3,0.245733808722382,27,0.999899991701781,0.107170431990284,0.997216096462926,0.00549710509867389,0.995318828658559,0.913301302546053,0.122237519873243,0.429371090227371,1.01798300591101,1.60044067782788,2.55261276374251,0,1,0.996937839321586,5.76481236088161e-09,-7.54490045931033,-3.40374824152517,0.239528829728239,0.223243226238299,5196.94366197183,381989.339637827
0.496450208686315,30,0.758679925133484,22,0.109078083454624,18,0.960801397597189,6.25909046525208,0.0606362622480565,0.111772827642914,-0.497847744362267,0.328412840914144,0.973952000483318,1,0.072017927869156,14,0.999899999440549,0.00010000004492927,0.997441907557065,0.000393695638754124,0.134694235954566,0.924597750576923,0.037265905363472,0.432251962902108,1.09708920242771,1.86465418829393,0.0777849146260941,0,1,0.997232093390217,4.39935991585681e-09,-8.28576423141594,-0.278286856900935,0.299004894920564,0.349437936478799,5315.18309859155,346979.265995976
0.439970724583266,30,0.855619494229257,28,0.0851111974275357,36,0.970036276484022,6.79790310647034,0.0165528635318153,0.0970345107828288,-0.494755015615473,0.300944940851775,0.920846248176669,3,0.0234743181524226,17,0.999899815701662,0.000100000841413647,0.997389383974589,0.000235194995079634,0.469741935794627,0.945131157978747,0.0294180137234551,0.495672891248985,1.1181297070387,1.82945701224896,-0.160762802664325,0,1,0.995623580039718,1.03192872789495e-08,-8.11336004864481,0.344643696427943,0.260825283906416,0.480907197544419,6992.64788732394,656001.945674044
0.21208893146294,17,0.738921830077246,14,0.0496268102162745,15,0.96386577489296,6.03171117583355,0.00847328308199889,0.122189469458223,-0.552577272598825,0.389161846566668,0.987658581369644,1,0.262970956547921,13,0.999899936668609,0.000100379523816016,0.99748750062968,0.000376663130664544,0.196183920946584,0.947645348711909,0.0637145714886443,0.469581359376993,1.1018195876936,1.81847027508258,-0.51095635201029,0,1,0.997564690631323,3.15555764831814e-09,-8.18599692747254,1.15495900716834,0.264921080105945,0.361048952470475,1966.76056338028,119092.213279678
0.292535964066021,24,0.708010841036542,17,0.129122486613418,21,0.957680917917508,5.95911122009454,0.107128899486202,0.1486954209109,-0.415962402197046,0.248256425807214,0.969266398499412,1,0.0513765471889093,12,0.999899999842233,0.0254967801243319,0.997376486827204,0.00207584181223354,0.0013704113906734,0.920686161896937,0.0689602383494403,0.335612825790433,1.08576408485685,1.8496438139334,-0.736157370968151,0,1,0.99599975022378,1.24733518606462e-08,-8.28998936552856,0.481125635054814,0.388873355181168,0.632603050915466,3354.05633802817,345726.768209256
0.118162653436322,21,0.603829012379705,47,0.0420939333606193,10,0.960774244895818,6.2710092579286,0.274961199598314,0.232406556333529,-0.348411621889148,0.33770032290409,0.992310181278423,1,0.207955580263582,16,0.999899999984575,0.290058639867241,0.997572323438702,0.000209882246526907,1.25653077853645,0.926453812231381,0.112826576414201,0.343885178570743,1.09326159562227,1.86218048016219,0.0325576840161374,0,1,0.999247784582833,2.35804948655083e-10,-8.29287422236463,-0.75463920341756,0.324723806414312,0.305790598799384,2305.95774647887,211658.898189135
0.371914775178494,10,0.620379451496366,2,0.0477523863127941,53,0.958294776137133,6.10483091792182,0.0731578957272937,0.0545383873211556,-0.441202980142241,0.249250817387556,0.985750222085166,1,0.154868296535684,15,0.974393687771681,0.000100004207308261,0.997528213048149,0.000338402250440489,0.328618615900533,0.920624274858381,0.033097432408311,0.425144593068917,1.1028010266981,1.86044228088707,-0.989799110066931,0,1,0.998808258869636,1.43281914818212e-09,-8.3130180751583,0.751431185715943,0.243946524671975,0.155465837458975,4388.08450704225,738418.478470825
0.191301668520499,37,0.727273427014295,31,0.0349050339574884,21,0.964937693611262,6.42522155696582,-0.152057641862837,0.103496893120819,-0.593665497094169,0.414512064769323,0.986848683991721,3,0.275720755176708,14,0.696469404178222,0.0988006366974137,0.99748750062968,0.000285774955543696,0.40511677668587,0.938855222122871,0.0754056690289574,0.686922169440948,1.0852990350333,1.81273093746867,0.992987576486829,0,1,0.998139397635496,1.90140427087055e-09,-8.10760168685507,-1.62376888343884,-0.0160659654071579,0.0780317465929034,3731.52112676056,330969.453118712
0.33320151107112,57,0.874144373946163,50,0.0745268387678326,45,0.955601844817987,5.86938998561016,-0.0169472022740612,0.232244727287017,-0.56879188350449,0.561191447354571,0.992897746195397,1,0.26630169759601,20,0.794575758848156,0.135329208439439,0.99744678821121,0.000834823583529592,0.937012417796468,0.915819262227554,0.152400845964831,0.704783037578696,1.06555395952061,1.76947774474067,1.09042082040526,0,1,0.998930096045433,5.95884160579895e-10,-8.06089251034862,-2.0684801117627,0.021872334570975,0.114750883532792,5800.60563380282,528357.756539235
0.221092955871931,38,0.721261673880155,37,0.0500070486613792,27,0.950678384282102,5.74905677760368,0.0426536004787116,0.0444778449378328,-0.501776704241663,0.368974936202067,0.99102084214729,3,0.162165597213186,17,0.999639290019134,0.000100000997446042,0.997396743766359,0.000273505744284553,1.13696326021529,0.904492409835187,0.0163616205962094,0.46110834406675,1.07175345327221,1.81552197811301,0.308964654938024,0,1,0.998078060460763,1.12331083400102e-09,-8.22387974047324,-1.33487885986087,0.22007864613227,0.156444022387355,4173.98591549296,487125.328370221
0.113320441198322,51,0.69396269997591,53,0.0318306595046522,38,0.952477947610929,5.86624506063262,-0.276084833850913,0.118359153990881,-0.64567344438696,0.486302355910046,0.991879671612923,1,0.241938484797913,14,0.639866259320532,0.0700686398338594,0.99748750062968,0.000292041512940707,0.0390522387181682,0.90908053166428,0.0947618220126568,0.73899343007097,1.0683635211669,1.8447882455004,0.903936804653014,0,1,0.998679112753153,9.18853250405649e-10,-8.30971520604009,-0.822415534278583,-0.0387180910096611,0.0811291044137049,2904.42253521127,167952.676056338
0.308848192659461,36,0.763004915404487,31,0.066287615361621,24,0.966193939934273,6.45487966830571,0.178267577584706,0.170907063536242,-0.449830697468531,0.4349584929496,0.979531718274227,1,0.194475344690771,15,0.999899999608741,0.000100003734139849,0.997528213048149,0.000760620388367479,0.55364913210358,0.939259384113686,0.0621731071949686,0.416775391806167,1.09025926830195,1.85651653846273,0.171689654984086,0,1,0.998611439735135,1.29763474944583e-09,-8.2560967070265,-0.231320938583241,0.281594556368769,0.190314268174466,4429.69014084507,905354.302615694
0.16873882355373,31,0.617561723144879,10,0.03345934464422,6,0.959873957535513,6.22905051996093,0.0642481770278435,0.0753696401094635,-0.424246284387621,0.288725864174656,0.996645752443325,1,0.148736077163615,13,0.99980019740126,0.000100004590926687,0.997576484476347,0.000123310467375911,0.17434827788213,0.922849310725405,0.0243479097808354,0.435157988334826,1.10619457647518,1.86939910156328,-0.681149465825737,0,1,0.999213429675073,1.62858450216319e-09,-8.33606910201512,0.565684922346754,0.230725248466994,0.217704714650743,19187.9014084507,18498141.7472837
0.470875725377083,38,0.959963818408287,32,0.216323821371144,27,0.967830604730415,6.46944662117044,0.139513001075237,0.148903838090912,-0.359358522396078,0.512098827600995,0.972716367059462,7,0.133621153349896,18,0.994235811785663,0.000100000078264597,0.997312082661798,0.000891438380724738,0.730624269781157,0.950446401355959,0.123937703752277,0.514983463475275,1.09440149562307,1.73394071760377,0.380702524378612,0,1,0.995524598422392,5.91945253793725e-08,-7.89061893305585,-1.98806879835823,0.275890326794755,0.280850121715495,3445.70422535211,252839.468410463
1.48782258063301,32,1.15715252788539,24,0.251888300135337,19,0.973144237853174,6.80658542654733,0.326401385470623,0.160333615227351,-0.230781415024571,0.305041896023688,0.945761251287234,1,0.11028015025005,17,0.999899997818852,0.0998339439942723,0.997369105024031,0.00377395022218105,1.31940990583618,0.96151351573525,0.168101186588461,0.327352983319701,1.11351704370628,1.79610989345143,-0.876559534398826,0,1,0.995801593698064,2.42763621013341e-08,-8.00643466400148,0.818146587619257,0.404640454862436,0.392397279453466,5194.16901408451,1126016.57102616
0.17135071919931,58,0.636739735951141,9,0.0542547918380884,13,0.961844142232658,6.0467660356013,0.0366844507591503,0.126352477517079,-0.540420277080705,0.427874698279772,0.9879973752137,1,0.15874086140235,12,0.999899998446602,0.000100092783821067,0.997528213048149,0.000274260478588291,0.211294757837654,0.933289548846123,0.084861977967919,0.41798333290834,1.10434067181638,1.85652892847019,-0.284722371069757,0,1,0.998759246039924,9.58065851041846e-10,-8.31666003704428,0.060614937084677,0.268942681311301,0.300529271215924,6589.53521126761,955159.052313883
0.23187240963479,48,0.842278428019313,43,0.0735755380715112,52,0.960177397555787,5.89065060091711,0.18831515955782,0.235361301673986,-0.551542644814231,0.399718676257494,0.976713140516008,1,0.262070698361581,17,0.969916920226972,0.114211699178539,0.997388498970803,0.00142804239938838,0.972307609089765,0.932526044762436,0.124980310306616,0.48912329954181,1.05312963495255,1.69301288676104,1.90988953244672,0,1,0.997951732191521,5.18547150141784e-09,-7.77817690979848,-2.86184087797378,0.218476342964198,0.198332973313422,3960.88732394366,423455.958551308
0.209681921631881,30,0.667529237001588,53,0.0562471507792122,20,0.956703344693508,5.88224750918941,0.022358251849574,0.11394260522672,-0.423480716086462,0.308124741741048,0.985069686603334,1,0.239905957101093,12,0.997442797210962,0.000100001964932255,0.99748750062968,0.000404409664920432,0.0267234824575056,0.919308277608358,0.0284321187287054,0.539082851706105,1.07426487496977,1.84978123398331,0.61386262379477,0,1,0.998041605776192,2.07462979452872e-09,-8.29678425694035,-0.748196775722984,0.223280954052281,0.333107981237421,4157.21126760563,1212696.8832998
0.605243649625015,38,0.915840283419088,30,0.127337986834182,26,0.97003643540374,6.38974795231827,0.165112570595008,0.0965949356745586,-0.514157771325467,0.298291600988912,0.949213306254406,1,0.162304831915425,14,0.999899914549001,0.0902937120006727,0.997310802851742,0.00152202509609366,0.756062738688715,0.96792538491024,0.0733171271647203,0.400149073110482,1.07354032111919,1.70548602516528,0.791407433273247,0,1,0.995972369328013,1.17605352777069e-08,-7.71897483248332,-2.47185248697389,0.309593556982095,0.295514020959797,2588.12676056338,201294.912273642
1.943593019208,22,1.44678815146896,14,0.64003203564609,20,0.962975773236421,6.24455707697766,0.0349714045122999,0.0182915764555059,-0.4776263306237,0.263311214541314,0.812758360136243,1,0.194976647004807,14,0.999899940019827,0.000100011615394281,0.99610004421009,0.0280996274134825,2.38024047129922,0.932625719573743,0.00981400924802266,0.476476891722746,1.0388714213595,1.6986559650068,-0.687475140254107,0,1,0.980356445112579,1.06088035953426e-06,-7.68228816538366,-0.406413256817173,0.242242828069367,0.212765290405787,1697.66197183099,118909.655533199
0.800336613041265,22,0.888364094812234,15,0.258884656061932,9,0.962860330038282,6.37597267238726,0.0952964388254188,0.116843027516218,-0.484258295667046,0.3936999260172,0.868365585135327,1,0.0752677038803082,11,0.999899980725571,0.00010043460450348,0.99689025812497,0.00368233694777679,0.217954806105259,0.930289618232739,0.056575827583046,0.401352061130403,1.07472302903692,1.76125698814603,-1.97996867154032,0,1,0.990429665013822,4.96489051988217e-08,-7.91002568889149,1.21297394493996,0.292315545554413,0.336534678683715,5086.28169014085,543294.548088531
0.201020075090881,45,0.665713094789536,37,0.0486567723081746,9,0.962327598995319,6.46958739007336,0.034938271013568,0.0673905956704891,-0.510452664480832,0.38550232863148,0.966050156253256,1,0.160473357637274,11,0.999626857160968,0.000100000016619258,0.99748750062968,0.000410851522616666,0.3760872738717,0.927094805170888,0.0480585510062406,0.479399585724732,1.09258560780434,1.85627084035782,0.104011222467385,0,1,0.997611789806579,4.71012901225651e-09,-8.24798371100667,-0.726994506389497,0.248442250035389,0.26641716509691,5294.87323943662,1971801.5694165
0.428618588494315,29,0.979493960448109,21,0.150093350463835,25,0.968078907990596,6.66857534437467,0.172240677061247,0.16436830606014,-0.416919863796205,0.63880763416322,0.973671132846337,1,0.219386321241335,18,0.999899849307221,0.0834646072863792,0.997436038751491,0.000998354502024919,0.699533775434492,0.940747245716949,0.13005046510092,0.513591196794368,1.09578402742236,1.82617414573976,0.232673462700119,0,1,0.99706188737206,4.03537691780190e-09,-8.13614340406135,-0.235452798661674,0.293621545683164,0.369900095885575,1814.70422535211,216258.52555332
12.6084468605143,51,2.60362551265747,43,2.89510123163959,38,0.910767236040352,2.72299858099658,0.301446825868552,0.138763416998454,-0.237057253033074,0.218369024358138,0.617575779560661,3,0.641561699882236,12,0.999899927404951,0.000100003326462077,0.992697832727073,0.0263933065502297,0.870701624944963,0.921025712933925,0.15077847804843,0.29541445364091,0.975924325963614,0.474397115465884,-7.5197733681706,0,1,0.916046544620575,2.20087614515554e-05,-2.94018328840767,4.42900187324296,0.444159657271244,0.526307948852021,10160.0563380282,232565.653923541
10.5170356955094,51,2.37708071776575,43,2.29929041568308,38,0.943714590962949,3.99483036463144,0.392563675399347,0.257236352256254,-0.154894284491334,0.213426979773018,0.806578846026869,3,0.510605728088308,11,0.999899996702527,0.189298678276324,0.994201844374656,0.0175442090103734,0.407016401074122,1.05553718664815,0.29875077514477,0.280614946072408,1.05759121346927,1.28730873399554,-4.89426476703242,0,1,0.947967238400326,9.06966668436378e-06,6.54733408650155,1.90737205912064,0.512671573441428,0.597303560627596,5000.46478873239,386599.252313883
0.391033797794471,31,0.748963955874629,25,0.0875995514146786,4,0.970283944474903,6.74860534290892,0.0756946766431012,0.0742794290669659,-0.519213286375756,0.323710589190471,0.968957462631232,1,0.29028902334732,14,0.968775145514142,0.000100004639282209,0.99748750062968,0.000704433382500903,0.526036679059563,0.945637241878362,0.0435590593009001,0.475882155419803,1.11036005655785,1.84075954932838,-0.361588565228768,0,1,0.997265409863134,5.64891155347004e-09,-8.1956279687364,0.542826609420341,0.287681449751049,0.460924033693324,2428.61971830986,174649.296177062
0.136769892486591,31,0.634276740144764,36,0.0970451594360065,3,0.966030414339467,6.53089326742163,0.172777691575955,0.0582676548552533,-0.388127680795095,0.171110480487481,0.966586637038352,1,0.281939327079124,15,0.999899998333356,0.00010002974576258,0.997528213048149,0.000980379690469389,0.477500554428096,0.938231523227867,0.0372446529014145,0.327283939371677,1.09942032254803,1.86335521016835,-0.159468849882153,0,1,0.99799154184049,6.98097783622652e-09,-8.2753732286408,-0.0610921219907676,0.371390190080645,0.349666869464187,4627.66197183099,1617582.88410463
0.48067917422783,52,1.02383397768015,44,0.0959004467734991,52,0.960737056078321,6.07550704298927,0.227996089803551,0.4883469194674,-0.513196604610672,0.460279536409283,0.990150811674709,3,0.235498044705889,13,0.80015934767776,0.302670769736304,0.997357784924656,0.0017632534520535,1.4089487540889,0.926557352722653,0.172168765909002,0.506807060648571,1.05873439258776,1.58443871713197,1.20371159137358,0,1,0.997974022675945,2.10809684610937e-09,-7.46862853338879,-3.51731081592087,0.209725844518248,0.237455265299174,3594.67605633803,299703.736418511
0.62065911004532,10,0.899586895537016,3,0.116627462908193,8,0.957183313483907,5.76668970786052,0.138991222105574,0.158178811716551,-0.285415880433248,0.255966702000657,0.969972001813075,1,0.231020157638526,10,0.999899997706716,0.0260579732792577,0.997413924930185,0.000905251154862735,0.131403360404254,0.922551612663966,0.0593615779138797,0.264842499032631,1.08956429869656,1.82863841227333,-0.43991673044848,0,1,0.997364385489674,4.69215252474995e-09,-8.24865598594399,0.791647863010985,0.266929564148398,0.285790470219519,3845.47887323944,520799.767404427
0.126419881879739,40,0.71002743867484,32,0.0336775405842112,26,0.96963322266084,6.60819482741244,0.141882353336671,0.239243815446428,-0.394740746162353,0.329399771366016,0.993976108077083,1,0.225041004997929,15,0.961533740863706,0.125012673686776,0.997608633675621,0.000190256188579505,1.13455431374364,0.949427678102752,0.109893019709317,0.388813669722727,1.09524185028682,1.84498472374294,0.816222077434318,0,1,0.998597668566435,3.66598435923985e-09,-8.18984263703683,-1.10913768089949,0.254406315873091,0.195789021772833,4256.74647887324,800837.049094567
4.0955996088765,17,2.01990794912168,9,0.909957107925618,5,0.953524126107916,5.14867340245348,0.0206246632556564,0.139752647347414,-0.546654046471057,0.361503641520741,0.839571538775396,4,0.410963249723615,20,0.864972080665968,0.107739620511355,0.996144786586226,0.0456429434040907,0.280526439106689,0.94092890442054,0.108782647365073,0.632599433699199,1.0325983864617,0.572730201913863,-2.59725679396333,0,1,0.984389579048866,9.23252666786486e-07,2.43112417189497,-7.27603958813301,0.0771897119530039,0.0867559913163079,3211.29577464789,547576.639839034
0.164018283123608,31,0.636387539962123,28,0.0308212141777316,5,0.965467427028879,6.57761450466821,-0.166152730054142,0.131595703047866,-0.587054592536937,0.515977084359132,0.992490006570633,1,0.185198057766521,15,0.702854251362763,0.118312315230495,0.997620726296596,0.000228543205165253,0.737127056879855,0.934823003221778,0.10245024692233,0.568589645719355,1.10097315161966,1.87407373489257,0.0788923281719588,0,1,0.999216669162607,6.98351172980262e-10,-8.29513564436318,-0.163504799561398,-0.0172822648143375,0.0712438949085129,15152.5352112676,8376095.13802817
0.247415428469295,36,0.839220280963763,32,0.0689324894258421,24,0.96564485363383,6.48288095392645,0.225949944904447,0.173772279097312,-0.401316635527347,0.286518561904465,0.983725462792155,1,0.224947696109457,22,0.99989999996219,0.106235316744743,0.997528213048149,0.000848682692124552,1.17359054541553,0.937937311272417,0.0727688068904768,0.366664449637472,1.08583035810996,1.80759305866533,0.798781897431107,0,1,0.998574851351757,8.69182378960278e-10,-8.08703562558139,-1.58973148422573,0.302756749402602,0.297641689582664,4998.47887323944,1014301.42454728
0.193830819277223,10,0.702496573206915,29,0.052061675756948,37,0.968514961239566,6.7410358784415,0.119829229503765,0.15653056721489,-0.46016901555211,0.266786947333742,0.968805079229022,1,0.179551530778829,17,0.861577014780861,0.156010469901559,0.99744678821121,0.000335668042639919,0.263327859567208,0.946195375676912,0.0800592356278252,0.495983405323979,1.07604203296451,1.8230948294173,1.01850946439949,0,1,0.997936111597504,2.61331000417335e-09,-8.12043297591811,-0.952074464139689,0.115178351497716,0.116746646961172,2731.81690140845,434196.123138833
0.504459374788846,10,0.932326401475596,28,0.104550968118537,21,0.974949407669383,6.96500955274214,0.446229212648514,1.24650113652133,-0.576190567709503,0.65596843598234,0.987176048746987,1,0.241473049027742,20,0.910916865366373,0.264154799715115,0.997528213048149,0.00127213157032742,1.06812757855548,0.964959278035574,0.455140261010602,0.462799887220315,1.08656503193803,1.7358350109297,0.956343829109028,0,1,0.998988000945564,6.78462162607532e-10,-7.80361175204808,-1.95932137430307,0.215466546111719,0.170245108811753,5793.02816901408,1067547.37062374
0.113181615163364,47,0.686171801304399,41,0.0422146835090528,35,0.955411826586743,6.02319790544767,0.101957872982602,0.179144825635253,-0.55074836617135,0.799279067334662,0.99622890011919,3,0.233292869138132,12,0.99975388791824,0.000100006754163592,0.997528213048149,0.000123481369638953,0.672439683131115,0.91386432732029,0.131966525193427,0.518629418903014,1.08757082209851,1.85910686262359,0.212032020414464,0,1,0.999420229057623,1.37960913784938e-10,-8.33811975488118,-0.626513230210685,0.289082194532324,0.217252883119874,8494.25352112676,2367989.90623742
0.186041591687311,10,0.590963408808195,11,0.0424299889985359,49,0.951656197108644,5.79666945587122,0.045418473662297,0.164057837921011,-0.364118259459874,0.403925430552248,0.993226179703385,3,0.188606436301934,12,0.931772231105263,0.000100006405835412,0.99744365892359,0.00052518076231227,0.448355834198428,0.908888713852011,0.135740285980001,0.449232751013106,1.08868006984861,1.86294708398511,-0.729175063247278,0,1,0.998524374282178,1.33963107504656e-09,-8.33819473715792,0.44564855956569,0.240265533605255,0.232645705229881,1686.32394366197,128327.736418511
0.257915602082009,33,0.650119467936814,26,0.0550180586346514,32,0.957263316230974,6.09955301333141,-0.0902698273530609,0.156496547035614,-0.54055088776035,0.428691109668897,0.995403029591846,1,0.232796255047037,9,0.912235958333202,0.000100003490494409,0.997528213048149,0.000350018154198218,0.00739226481923928,0.918328865269542,0.102172144689678,0.4958292850924,1.09236660236831,1.87415521995075,-0.0972780933139809,0,1,0.998753160512752,1.44526092194107e-09,-8.34139526738293,0.120832445839117,0.203373753349942,0.509267620140662,3637.35211267606,575752.574245473
0.115900621485614,52,0.649740801823964,39,0.0479691564143978,2,0.958447125519869,6.2749859706022,0.273577280462661,0.169397016569914,-0.441896371036638,0.322649110261818,0.984562726053901,1,0.125907388322131,16,0.997363090167779,0.359902411837367,0.99748750062968,0.000225182128456277,1.48455601264553,0.923654141000354,0.100562728333604,0.256848129880527,1.08899804784336,1.86090489113938,-0.208008206428155,0,1,0.998403448316978,8.76490560219885e-10,-8.28488642292013,-0.835107677974101,0.376957033599278,0.34922105302854,2130.07042253521,186905.980684105
0.115092988442547,61,0.57083651008494,26,0.0364702984100947,51,0.958180736263803,6.16116165924224,0.029983052116362,0.106663939666905,-0.515164527364773,0.490029138082338,0.993731582141214,1,0.205171346672381,14,0.999899994402256,0.000136559713332755,0.997528213048149,0.000201483162904726,0.0903611529809966,0.919954906905007,0.0904318303066441,0.463170732884656,1.08716073613549,1.87206949735483,0.267285567215105,0,1,0.999127782994813,3.95161760277015e-10,-8.32508811680826,-0.538464968782363,0.245952316844268,0.244630579939087,14107.2676056338,5084737.97022133
0.103469294819194,30,0.620045388583071,52,0.0265365603646493,2,0.962421975130326,6.17515902913641,0.0858167215166906,0.0970182763330616,-0.557734489050139,0.403633921376077,0.994993006271084,1,0.229256840171054,16,0.941906739304492,0.110507612265285,0.997576603525539,0.000206518909688647,0.352621255070563,0.932078747383205,0.0757235870771295,0.560127717171234,1.08450033092316,1.84600910850995,0.929938309360872,0,1,0.999195986915871,4.46375471382881e-10,-8.27088771841616,-0.925801633061596,0.178659919033631,0.236055687021119,11658.7887323944,5863350.54044266
0.161665380968148,38,0.687664627086381,31,0.0422946636660072,26,0.965547001579,6.41790961257195,0.184745861038494,0.295156447730029,-0.454128908912907,0.406495583249982,0.993521324341643,1,0.245468838710579,23,0.96487964482464,0.119010810960635,0.997572238636908,0.000351017600072229,0.991265333407233,0.937960739174303,0.106275511356909,0.541638109468684,1.07984833786567,1.81580408808911,1.17770798831056,0,1,0.998936490216422,5.06527339573392e-10,-8.1242629212232,-1.68625880251327,0.23813644842222,0.243686287618153,3098.88732394366,347033.272837022
0.37172442734391,22,0.806553323933123,14,0.0776737801621715,7,0.968735999890583,6.62377985890927,-0.0648117052718331,0.106664039147627,-0.549217111189736,0.450827282356632,0.981986808561856,1,0.213119618293853,17,0.799100474277486,0.104792651587068,0.997579653490096,0.00049617635291186,1.11906700837609,0.945810607542536,0.0391197588421042,0.616044685350948,1.11853869250429,1.8362655755692,-0.736198087776845,0,1,0.998483204977452,3.22066999819792e-09,-8.20465679509863,1.10539535228723,0.0774450585565612,0.255414431931139,2567.59154929577,324143.70221328
0.114368404165945,26,0.69101871965985,19,0.0543177949631743,11,0.971000298815261,6.7428147071365,0.062716740201094,0.13968485942119,-0.498922306879203,0.280693066842039,0.988597470717431,1,0.188530300812827,21,0.813705243576746,0.171729882631773,0.997618123845802,0.000440903698522305,1.28955588050208,0.950590820567401,0.0921288342993366,0.600273147456887,1.10577467832582,1.84918729914941,0.223920417496002,0,1,0.999010837846359,7.306888696054e-10,-8.22595888045504,-0.614095299951135,0.0872803046129417,0.101905357112388,5362.74647887324,918329.906237425
0.123325590966712,31,0.648529928391712,37,0.0530562248659204,13,0.958178969512029,6.06505677377157,-0.160862994160002,0.158529841707549,-0.500633030024757,0.375133926193248,0.984851680543226,1,0.180101001278449,12,0.784815210861846,0.000100010557677399,0.99748750062968,0.000245571546146673,0.0211158972522922,0.921696103046584,0.0905181668422033,0.684720486617901,1.0854649758639,1.85617638475175,0.402734923519049,0,1,0.998263669250322,2.76055834700833e-09,-8.30801797077214,-0.524717687202099,0.0611920821483968,0.161991369969476,1646.71830985915,125775.37665996
0.304791168783086,10,0.682557113477384,28,0.0480191984261702,33,0.95665515100098,6.23105832094007,-0.103732041669321,0.184112197507531,-0.475941851244036,0.605621748178187,0.987797001326211,1,0.238676091681661,10,0.885995222079445,0.000100002165086696,0.99748750062968,0.000232847187748579,0.903316321904653,0.919849684239244,0.0173743690751684,0.290653925931397,1.10645193001301,1.87405142623721,-0.86009842535799,0,1,0.998083603989211,3.17034604440867e-09,-8.29217061038156,0.519274684380949,0.11054975556501,0.199326061456447,11400.5492957746,4236554.82253521
0.203863345891711,30,0.787530890545576,23,0.0684855705882061,15,0.970494061939719,6.76795941517938,0.161668433388979,0.254850725960921,-0.512162396643275,0.395208502201093,0.98893641270186,1,0.199804269160404,15,0.947339115663161,0.160169916675572,0.997643935128484,0.000344924181386021,2.58202293443509,0.948361787029364,0.126438728490112,0.582273952221891,1.11334226788727,1.85841458489777,-0.0736159974383555,0,1,0.999239917250131,3.31045411864778e-10,-8.21911896201654,0.148839346396842,0.222121287863933,0.393619532095269,13672.7746478873,10005691.9484909
0.477658467341235,10,0.608582320586657,18,0.052923387685294,24,0.954234030659507,5.99301229474093,0.182816188693205,0.110466043888029,-0.278746960800491,0.171634454542731,0.994205533433872,1,0.197222710814314,11,0.999647175356836,0.000100012792176951,0.99748750062968,0.000284987144342401,0.652287322440284,0.912924256302466,0.0676011550783928,0.24217739536777,1.10130766886505,1.8672345980001,-0.94176174097965,0,1,0.998758431853743,1.35546702493533e-09,-8.32745500136606,0.512749378640467,0.281846741922593,0.314882757693512,7171.78873239437,5317705.4832998
0.272405862376588,49,0.761456346884489,43,0.0842154508114729,48,0.966841924419364,6.54332409664678,0.0141316177973698,0.130126664489249,-0.500490329421917,0.418040243937678,0.987953630535025,1,0.134617684736764,13,0.933423424952574,0.101355163426214,0.997583808100631,0.000202012195196267,1.46388121708662,0.941581176454343,0.0896436796406092,0.569113523085691,1.10801660630669,1.84984980206773,0.0820258565759078,0,1,0.998888311997139,9.17976310653926e-10,-8.2339244566338,-0.85403295201713,0.147655878335763,0.211257934001022,3456.3661971831,1002217.12112676
0.1950824043298,10,0.733155176303745,23,0.0550416664080035,15,0.96339732233996,6.39962539230771,0.113425668925044,0.186802874239218,-0.425232920910858,0.243673985154095,0.975791112808238,1,0.250366924807961,20,0.924988448872305,0.0981875597737613,0.997400964801062,0.000316043974154867,0.359936916448913,0.939129422288907,0.128506731574028,0.460391981952472,1.07386059329326,1.7296399506809,1.37913112134083,0,1,0.996858436866076,6.29399314867488e-09,-7.8183186822212,-2.51475334691868,0.22905531960748,0.215080377754759,2126.6338028169,117955.892555332
0.400898609880059,42,0.870749841529758,35,0.088513056147675,30,0.959922725298233,6.24008555375302,0.190694183186123,0.0973793942024159,-0.409343361563578,0.283113161380336,0.982551880126017,1,0.223639458484106,13,0.99712572423223,0.000100000019329566,0.99748750062968,0.00075752954418354,0.671971346574036,0.92461154036022,0.0610565037863046,0.414570304976515,1.08842077911845,1.84127692651583,0.161561906958441,0,1,0.998251325846723,1.60338274405664e-09,-8.21084702858849,-1.07140842696689,0.336089253709873,0.441209889574636,2803.0985915493,601459.918712274
0.228763445203089,49,0.782157790951934,41,0.075333063790026,45,0.963312387486453,6.3099996360229,0.32559315371493,0.17701397685607,-0.359703475454148,0.272140068798132,0.99351759074954,1,0.206557329143505,14,0.999899973578965,0.130437867379214,0.99759905189684,0.000167602259145845,1.17796452522994,0.932184095809098,0.157919062630239,0.340473169403863,1.09555152415478,1.8518716059607,0.458613674607672,0,1,0.999292296245223,3.23493672247057e-10,-8.26770335373111,-0.912392624654175,0.415514077250362,0.457657926023645,3504.35211267606,1102592.14567404
1.31258805691517,22,1.75603331760022,12,0.843382262883276,19,0.951507961168319,4.61378811879199,0.0491431506140027,0.133008079957495,-0.551266290964074,0.579276791667492,0.791170259822284,2,0.323269299239346,11,0.999897318549463,0.0396102894259865,0.995385052342574,0.0272225154234553,0.124862416807284,0.946397487182929,0.0317913162276536,0.475936709123187,1.02342891505911,0.417055628982741,-3.82710706864536,0,1,0.970353179117507,1.28846625320173e-06,-0.356040834079744,7.03796601046219,0.248125896771919,0.269010135320869,27355.8591549296,2462268.03702213
0.128545767432068,22,0.589208241825566,14,0.0307776124023107,9,0.964466292409237,6.31106075253003,0.124415182876635,0.0759026496931185,-0.515595461532012,0.441804216328904,0.996827801633796,1,0.203859146509505,12,0.99989993163239,0.11476135475494,0.997638674326673,9.46796955587231e-05,1.05819819458627,0.935565022236594,0.032384775923209,0.411347230145543,1.10928671856909,1.86967127292007,-0.293358951508819,0,1,0.999627072230274,2.35110282705033e-10,-8.33549184992324,0.157652873245214,0.275281202836804,0.239480658466771,22324.2253521127,126200262.577062
0.313981581359587,38,0.986463646905351,34,0.0953605511909804,37,0.960501913262465,5.70372463264006,0.120485045380588,0.164175929581918,-0.565727026688127,0.35992924174021,0.97742676563904,3,0.17715949119159,8,0.771318838302025,0.403979867510779,0.997077482082329,0.000631603008250817,0.464994494298712,0.937267973117487,0.0836958700828988,0.468698142408024,1.06146695396581,1.61229746447502,0.831862433798077,0,1,0.993917718549958,4.34469598639616e-08,-7.64174974994103,-2.74093815671321,0.306216454636127,0.207145772448354,19236.676056338,3332859.65070423
5.0683352729999,33,1.93728308859444,25,1.66254183275262,20,0.892034333911172,2.9971340795781,-0.053472448607918,0.112187837991641,-0.422731101392488,0.386655068020076,0.830195200412563,3,0.560512447726691,8,0.91456745182736,0.000100033504316935,0.993210851347378,0.218083269359196,0.12314660779274,0.849158693688566,0.0998952346381583,0.590253662239411,0.850892223253664,0.853015665171775,-4.27431479562992,0,1,0.936176597220872,1.34570238835116e-05,-5.44207843591535,-1.92948600037863,0.123760861567478,0.140980253089882,6095.33802816901,141174.826961771
0.381730863529868,21,1.02681975931778,53,0.272060722352171,53,0.941749497152675,4.8690333057065,0.159462322217704,0.117529836770005,-0.46736277797295,0.318913971510527,0.954513663925302,5,0.289294582122508,13,0.999899975749951,0.0990586934448678,0.996871635999089,0.0120638009539697,0.70073286220726,0.902983337072078,0.0666756599631563,0.423240887612267,0.979840668627123,1.52004523529265,2.28329975392292,0,1,0.993361049413061,5.95152827859579e-08,-7.25277568855844,-3.65340851921262,0.256253879933419,0.191997262504681,3177.38028169014,153653.810462777
1.56636976337036,10,0.921721126148727,31,0.137649376687632,36,0.975818717418068,6.75862232920399,0.0259959242325768,0.186896841734761,-0.496330567118935,0.356370454564094,0.947977174920817,2,0.273923963261486,12,0.683845966381726,0.144511403031459,0.997067793324958,0.00205213040104067,0.592417508872621,0.992632251448004,0.155290776958522,0.698415439715581,1.07801513510516,1.61838613788394,0.422227111016345,0,1,0.994260759268327,7.67099613884781e-08,-7.3857631888953,-2.75122633509785,0.0114100448832507,0.136132193990346,7000.30985915493,482578.445472837
2.64298733578555,10,1.71381924683261,3,0.556702992592495,8,0.976369490399967,5.90876196601048,0.34043902397168,0.462363712120583,-0.593179924650976,0.553146096896945,0.912401883243629,2,0.383051896710248,9,0.758058052783776,0.659604496010732,0.996579458865713,0.00947600108960829,0.249102858549217,1.08813231642299,0.274849328477457,0.418119297261738,1.05492396217983,1.17870929630268,-1.0818977740637,0,1,0.991329530576647,1.58782071102395e-07,-5.81830646964401,-3.87323604803847,0.372155547423762,0.306540347820421,3653.98591549296,104380.414084507
0.119636758499784,22,0.721691082278106,17,0.0596942495609173,9,0.970908718424756,6.93203106454851,-0.0467404325041746,0.129531979489935,-0.545384567167617,0.515044073748447,0.867236263844178,1,0.12875094496154,19,0.961946990318272,0.000100000654009214,0.997345968186672,0.000437039152515989,2.36790800420217,0.949029636204013,0.100625872852084,0.601767053578134,1.11052238156745,1.83083164862189,-0.510349881799238,0,1,0.994785469544415,4.9114677199699e-08,-8.12697486075616,0.466968001293701,0.213185277290251,0.388085417047734,2546.50704225352,118563.253521127
0.298507811113176,39,0.89555411562388,29,0.0877509651964906,36,0.965667958667627,6.61610947104511,-0.0107201141857425,0.0943181823574738,-0.540405158395049,0.450088123033083,0.939814591246708,1,0.191278120164674,20,0.987524383260659,0.000100000501451874,0.997422310406644,0.000705185088660802,0.456474208105266,0.936187807962959,0.035580716465239,0.600692397334873,1.09031321631648,1.82169496915544,0.518666905404456,0,1,0.996812488732918,9.332240922395e-09,-8.09781758309472,-1.07172826556963,0.206577697069562,0.384191761486473,3234.3661971831,251143.549698189
0.370426063339092,21,0.856639208466188,13,0.102690106541635,8,0.964832188993201,6.45524998300162,0.0289093691651225,0.12106763895014,-0.417291269404895,0.378586336685434,0.9739549636912,1,0.179046425074798,13,0.999660549177157,0.00010000000657808,0.997528213048149,0.00034896308479446,0.8189957825836,0.935563479534542,0.0481120748374046,0.535971309219125,1.1116218729212,1.83743032174124,-0.466600140441056,0,1,0.998168591497294,4.55033139737942e-09,-8.19946979533624,1.05097375307565,0.157995930534876,0.217175175001476,2165.30985915493,286222.531187123
1.96023686139727,10,1.11873831594347,2,0.149897706859796,6,0.946544355835826,5.30005145122075,0.504944046203037,0.749994650952076,-0.411910540197828,0.234256366458754,0.99608267299505,1,0.289768335825405,16,0.999899646655157,0.152055277548295,0.997374555624497,0.00168429619379625,0.300854562429313,0.898575697694643,0.320142453502525,0.302065066600679,1.10389416454437,1.77665106636995,-2.17038554359448,0,1,0.999111543151076,1.92139269997472e-09,-8.12429397552279,1.7530024902348,0.40562875923091,0.348222092327654,3002.01408450704,1549737.44265594
0.332870651771491,10,0.651213734571119,4,0.0195428180753156,34,0.958141156196096,5.92798566051237,0.309441961572998,0.156321233110142,-0.265529878078398,0.169210951916457,0.997362861196646,1,0.222595758982461,11,0.999899988162637,0.0827621060410583,0.997577956267557,0.000194507237963653,0.119092661335099,0.922612777241458,0.126957383175307,0.339889128311072,1.10673607091761,1.84744928095585,-0.790257826730163,0,1,0.999574359487061,2.11587052130696e-10,-8.29680558593314,0.886245603182279,0.383556675092118,0.446297265421948,19692.7746478873,86830573.4342052
0.191208719406796,43,0.644814615410955,14,0.043973841165113,9,0.968537832034565,6.61878864123632,0.225802428537231,0.122580577219341,-0.458748085148823,0.253745098422687,0.988807231824433,1,0.072138742439862,17,0.999899999988286,0.137823514886307,0.997589708784718,0.000337958237565081,0.767131267393242,0.943328168896117,0.0681018553971664,0.36202612777513,1.0952241784407,1.85205415877259,0.49751617737017,0,1,0.998791725605955,9.66253702461617e-10,-8.24091139854729,-0.638713665944113,0.333014288460235,0.364792341571967,15611.7746478873,10928024.9484909
0.290234117633606,43,0.823161557023557,39,0.0530874274069489,33,0.956785184856766,5.72980837695282,0.0410449978027829,0.05200429189228,-0.404980191516049,0.219786625797887,0.968823301499712,7,0.160710078046735,10,0.999899938585811,0.000419723312670934,0.997241754267062,0.000392500759572974,0.39542478417826,0.933514083313555,0.0372981913374269,0.521113244380819,1.07286038647709,1.74041019599834,0.614677002290011,0,1,0.994841051293108,1.46105501765763e-08,-8.02687172141489,-1.4676976929583,0.198039103724484,0.218444785798679,4821.56338028169,619123.992354125
