mean,var,max_kl_shift,time_kl_shift,max_level_shift,time_level_shift,max_var_shift,time_var_shift,x_acf1,x_acf10,diff1_acf1,diff1_acf10,diff2_acf1,diff2_acf10,seas_acf1,ARCH.LM,crossing_points,entropy,flat_spots,alpha,beta,hurst,lumpiness,nonlinearity,x_pacf5,diff1x_pacf5,diff2x_pacf5,seas_pacf,stability,unitroot_kpss,unitroot_pp,nperiods,seasonal_period,trend,spike,linearity,curvature,e_acf1,e_acf10,seasonal_strength,peak,trough
28.5446895392315,147.558122754718,15.4303742397324,281,2.50107531146695,641,3.00900410748681,645,0.502074558655531,1.25152928142992,-0.0587020628659078,0.619302803823983,-0.443207990504716,0.472885927753921,0.71637670063512,0.385007899329231,247,0.68723886237063,5,0.0144998167690826,0.000100000725920641,0.825386213844468,0.321483272039897,0.100160851023752,0.380686912150386,0.493779290567732,0.519272662804686,0.498984191339599,0.239544993694794,7.98883754993032,-280.858679182048,1,7,0.402539001043228,2.28751783455374e-06,11.7925846890552,1.69730323511287,0.204413039103301,0.166138270472962,0.593548793140184,4,1
17.498236672672,39.4833876918753,26.9798790111313,281,3.18502508670546,551,6.21825544138947,546,0.389493885188302,0.789581391665411,-0.135464437357767,0.45408231456845,-0.459074257402309,0.469938952787972,0.554214567167899,0.155474590093038,289,0.811940196679339,7,0.00771343984319393,0.000100028628157555,0.752987917385842,0.436256516568104,0.226557998674054,0.243466166487262,0.398603209058847,0.55077302822053,0.401949697683433,0.156326097002457,1.14692036948781,-333.114648786593,1,7,0.260744184869612,3.25041703954797e-06,3.60273869536833,0.709418546525658,0.171921983487009,0.0750007160804787,0.5531472999857,4,6
21.5546684398876,113.2662587295,13.0762351344292,281,2.07338409444781,641,2.26485827968783,553,0.489388124749324,1.671048916116,0.0525685343824949,0.891971283407332,-0.353363189530769,0.397945651666288,0.752030726039366,0.31643634953494,250,0.607013410080306,5,0.00109526128413705,0.00109515600970062,0.836129372834421,0.201259313254132,0.256138799752624,0.487934423147621,0.605897902265148,0.498698680719725,0.493015166700429,0.145496848310777,6.46574542138513,-220.975680701784,1,7,0.381742139054543,1.26271206761363e-06,7.42528084492088,1.53712952271274,0.096555132954872,0.0774157786872189,0.7375358148935,4,1
20.7015043098085,75.6885170714586,8.72595524360169,374,2.02045029645519,555,3.93478924346193,636,0.423366729194948,1.40331944176236,0.0078552279481247,0.731421428985015,-0.345796945928926,0.465269597232892,0.66997294648248,0.168961513801629,258,0.687640905386272,4,0.00377631568262077,0.000100000971525128,0.750555211781357,0.353241218755056,0.1625418300723,0.440860588725843,0.58171616019744,0.547376977657701,0.386941924074055,0.105966583923948,3.17597521504064,-239.456761583624,1,7,0.137703604258956,2.73359560146192e-06,4.60557137754012,0.262336287586271,0.228042908046577,0.115071176738123,0.641856694710588,4,1
20.2102488589035,107.927330675476,20.7906199858183,281,2.71805644151154,558,4.69270622601554,546,0.434508967960742,1.2137733374785,-0.000680437042480493,0.785846483936145,-0.332753185761918,0.66284479343078,0.669172101218732,0.149185111368326,262,0.674989939921598,5,0.000100040159045481,0.000100000936891196,0.785831876422189,0.374293662030276,0.313960409609184,0.393428877467836,0.55079940063168,0.536414852105064,0.421562141038824,0.125406802227061,1.89621087387031,-259.853820015389,1,7,0.25336830501035,1.9575579756526e-06,3.57052464701932,1.61462855601673,0.238783738821849,0.0800616324878918,0.673841216898557,4,1
18.0630352514243,97.2654732533355,20.7532331018454,281,2.9194038214436,641,3.6743610318615,271,0.290356474030275,0.628053672934394,-0.288750177473822,0.612860145249907,-0.543401682288274,0.853598687652153,0.657483322926586,0.299696870833045,280,0.797349669525819,5,0.0550678073511207,0.000100016606913574,0.687410882672097,0.27577663847758,0.116056421747515,0.0999536576951175,0.395549710314414,0.651063933405222,0.598972406498733,0.199840167998869,1.37632045814268,-484.532767578325,1,7,0.435611699869356,1.5716848016928e-06,3.96174629553761,-0.361636281263584,0.0212148439269013,0.0484059654337019,0.676139742013684,4,6
19.0958557292637,44.7584314746162,21.9705137132302,281,2.78264428251503,641,5.52960256299678,638,0.260237350841045,0.528537067180445,-0.26487308778699,0.515359166146335,-0.518180112790114,0.659646296911497,0.564895242887729,0.142202970180615,314,0.843032484514371,5,0.00359158665419985,0.000100005686509415,0.642374322676976,0.516483065762603,0.190227860884371,0.118333587946002,0.388508283478281,0.652029080691749,0.500296560603808,0.140957783089136,0.891716142293051,-456.100338610902,1,7,0.249991556132473,3.42664025583328e-06,2.11268927589757,1.76435389000921,0.130936675160706,0.0584485159520276,0.553517616071887,5,6
21.2016672169603,119.490032002341,23.3056630938364,281,3.0766162345063,276,4.96397994475329,271,0.337979959284883,0.827932299834575,-0.207792442428103,0.544905973536114,-0.528444652176486,0.787843717797241,0.642864210430486,0.24856431657702,278,0.755172376114685,5,0.0209994018744132,0.000100010115435418,0.696898045729314,0.177242435320232,0.238911560237816,0.195330702152231,0.390640264366685,0.567339680533698,0.547453139899914,0.158297683566366,1.89056958037521,-369.178862360913,1,7,0.25719593451482,3.06513981841145e-06,-2.42346148129647,-3.35933883420285,0.209147549631796,0.0861564314174676,0.643549988910374,5,6
8.80301750644176,12.8471701548331,21.2001426350581,511,1.73806952988508,276,3.59855049744868,219,0.438102198355348,0.648940501088989,-0.244140951421037,0.39853490600237,-0.487766087300277,0.490280831494777,0.479941297954009,0.0710378269974152,248,0.897655359468287,5,0.169268081776669,0.000100004252240932,0.819083457594577,0.484347663814544,0.362546162374107,0.218648535466746,0.362607574171045,0.689253804947985,0.322575793789781,0.352053057395071,0.142627507897154,-450.536890086364,1,7,0.395356814709752,5.77747144788769e-06,1.05185207031333,-0.516127979369608,0.201538213274024,0.0623307873131349,0.353705434560719,4,6
19.1996488267809,44.2483020569396,6.4198019059447,645,2.0179416825256,641,3.51038859887038,643,0.428177619550239,1.18205610749708,-0.101252790332266,0.60018763835512,-0.450425911914801,0.50378681079683,0.72454620085057,0.329036185440698,245,0.707009766680584,5,0.00302012417195609,0.00301918853755577,0.761758589287223,0.283391283710426,0.0308068094539051,0.287795754178429,0.500575979256547,0.536710766427656,0.55067728000091,0.180156342765877,5.99001948350891,-307.537983002251,1,7,0.351870044147317,2.50852331886637e-06,7.83266003015467,1.35685920019725,0.0840184249748281,0.100342714376853,0.646755548114526,4,1
21.4584100804254,84.9119783981039,15.0526806142554,559,2.59570823230663,557,3.93266999016093,547,0.437243750471173,0.978169994989997,-0.0612491597340365,0.601349328961574,-0.399726124172672,0.496934235444153,0.610497465890717,0.194926983980474,244,0.758177346450686,5,0.0146153232643034,0.000100005296586476,0.790596980933054,0.456417741364816,0.126449107442525,0.312775940537956,0.483972390664909,0.553780637986823,0.37409170826834,0.164642281907777,2.97284591084857,-292.951772342448,1,7,0.286883925004624,1.6977406540428e-06,3.48590302857072,0.540376526465591,0.214325891457661,0.0970764241616954,0.591952564401579,4,1
15.549252559836,30.8304455339007,14.4077014193101,281,2.30300886019027,641,3.9661444438714,271,0.290206510196491,0.564073106263455,-0.275811460310009,0.364138032108699,-0.559254129624348,0.511566703395375,0.529751262041613,0.0716894002254929,286,0.831244676261443,5,0.0298957969084844,0.00010000025975202,0.670677803270578,0.3353369732468,0.0722227743281982,0.13151550460414,0.390972052018248,0.64203899411194,0.43968135390762,0.161625000797043,0.353762236758786,-434.165042989982,1,7,0.277946604060198,2.91263252466595e-06,-1.13979990438828,-0.939256338867122,-0.00556144144708289,0.0216707905780225,0.55105265668981,4,6
19.1590930842854,61.7413190727269,10.8458673813655,281,2.3076477716463,641,3.99255194518337,643,0.3483554499191,0.968131352482556,-0.125213045924667,0.596020321912566,-0.429864594892309,0.573020524667939,0.646693599934507,0.198866987276463,300,0.763109114827035,5,0.000100035971758177,0.000100000131523576,0.687252071856804,0.275398754224643,0.304658744710911,0.26881558650224,0.48320889760173,0.574791850108541,0.477370433745856,0.118295625480058,0.398292354039837,-325.705487396528,1,7,0.173938211982141,2.81971914495972e-06,1.60979224093238,0.60818392681436,0.169567366947607,0.093265240712216,0.595501791992607,4,2
17.9482907192732,39.6581096758332,7.35911488408851,646,2.16978554316189,641,3.92395160278735,271,0.302466990602944,0.734912441281732,-0.220316959640943,0.468820435251664,-0.515315400696613,0.576810102950009,0.598957045692492,0.0825692205465171,315,0.811043802987177,4,0.0241884614498682,0.000100001527242417,0.661727900452909,0.323693500008426,0.0708090139607285,0.175463954219936,0.405212855664879,0.59753495555367,0.498015654059661,0.13144817681285,0.188560946674634,-386.849258299418,1,7,0.213814843961445,2.95693597470436e-06,0.524443365915878,1.55782261780006,0.12254255400247,0.0554390775983784,0.577907787766987,4,6
17.6247457935069,65.2575804120317,10.6727482927739,281,2.12581845199711,641,2.36168936387788,278,0.40455475663985,1.59948049219256,-0.00893900044913209,0.877201200742061,-0.361134372434477,0.700285239099188,0.765409208544614,0.342917491465673,256,0.59115675210485,4,0.000752351107353724,0.00075223615880472,0.714688103628585,0.222817759802253,0.350918834695675,0.467238253917207,0.580239615115855,0.508392630745554,0.560804542481164,0.081459259178025,3.10413646752941,-232.961498146471,1,7,0.235614256565015,1.15663632465988e-06,3.15925106084941,-0.479234943343216,0.180098571723883,0.141756520912401,0.756621447516109,4,1
21.9595432192082,142.567721512836,6.57484039839184,17,1.69207576809242,641,2.35969126245532,278,0.372124582375054,1.64136423800658,-0.0209639736980442,0.841987850562293,-0.353381266205182,0.651650393874249,0.763071178287688,0.251139164381563,296,0.605628605876604,4,0.00409197399239763,0.00010000154108457,0.648863376079038,0.156125531950848,0.249479305596582,0.525916934498283,0.61912151274786,0.557266835312541,0.530205375521971,0.0606241194134349,0.695192886678914,-234.953123206651,1,7,0.152490750288118,1.1477395778071e-06,0.105573034128015,2.18134231932044,0.0868138638114456,0.103328987896395,0.741297772609225,4,6
24.1227272510189,123.662138504879,18.4780540134915,281,2.66032487410623,276,4.97588722985236,278,0.245284377036997,0.537116375522866,-0.301008452189563,0.538693110282881,-0.547566490578756,0.739948012633886,0.604203526278857,0.135589819081364,300,0.822391005082313,5,0.0486947817295879,0.000100000435603764,0.647047214300517,0.311143681509439,0.0425881270578309,0.0885978329254694,0.395256433063059,0.670771848284452,0.553134943901096,0.16743849239973,0.192458509462178,-491.953676182748,1,7,0.333436029810817,2.44731879849373e-06,0.0359498246885347,-1.64418554110767,0.0079954934163401,0.0245395491085527,0.621778525024677,5,6
24.875842038191,137.61598645123,13.7242474175205,646,2.43037497135449,269,3.3937960354038,278,0.277534817877253,0.964096710471787,-0.183352668405216,0.498417803211881,-0.476867660656474,0.479957427450574,0.620944755311609,0.210708811788506,306,0.734743212259892,5,0.00138473272573409,0.00133276600133406,0.589822010294203,0.302569266294522,0.132712869998327,0.282512568628605,0.489008137901854,0.61616861413814,0.45520059052519,0.0792339608579306,0.597375976116385,-339.096734183101,1,7,0.105269033522891,3.47505977439884e-06,-0.803145037333315,-1.85067096286803,0.0316871172937879,0.0261618695772218,0.616495701053346,4,6
26.1531379653613,176.399520637615,10.9638200756615,646,2.1198098830532,641,2.42743700334168,642,0.376095391104697,1.42924465878336,-0.0145597623263106,0.794347338276964,-0.33006682375809,0.645804104308797,0.70455461016373,0.234202389393856,296,0.653907346806222,5,0.000100318787591819,0.000100004207032984,0.665296691063378,0.165146778599647,0.278426050132192,0.478882210858457,0.605349115947398,0.567819178377558,0.447101465324005,0.0708843268355047,0.184825396621306,-247.82219663998,1,7,0.18942605410449,1.5939936356058e-06,1.03772446013325,-0.270493850219813,0.104870561912764,0.0822215925356907,0.718251369052263,4,6
17.2015824278656,29.8582947788682,20.0538878176336,285,2.60882670546869,641,8.94363436169223,272,0.234704187473433,0.550049433371964,-0.294994244627351,0.292877631338863,-0.578371335622173,0.451393195245859,0.458120750932732,0.154741010151038,303,0.868446796755939,5,0.000100076469970916,0.00010000760624837,0.594887023293601,0.976755368643298,0.160001443629714,0.150700196709366,0.44976681082044,0.701076548902486,0.337980868187589,0.11029082123631,0.0523195268803202,-431.878625722758,1,7,0.170288875621482,5.47386092961876e-06,1.04640724793258,-0.0467017484555111,-0.00255052775672945,0.0589836884912109,0.458227433443242,4,6
16.4737434366924,29.7471315375603,6.45261916470211,281,2.07841040749371,641,3.60320656573656,278,0.32694861354205,0.950101478825252,-0.16227678584984,0.470615595162709,-0.482803101262575,0.463232350869038,0.59280673068154,0.0729884509845579,286,0.777551887795175,5,0.000100045263968411,0.000100003786414075,0.654412183190294,0.275405673273461,0.103354351037647,0.268704819713315,0.435845044275129,0.571890607584807,0.434014824987861,0.108613427634478,0.230500419096498,-325.035955617529,1,7,0.191115104655742,2.56415765295277e-06,0.420699386233745,2.22851537284324,0.0502944857865116,0.0415471551408422,0.596290184316033,4,1
17.0934142022783,35.0285661530864,5.2566853887986,281,2.68843472574371,276,4.43504038388184,271,0.345312376627123,1.17808862431317,-0.137296302816181,0.581539811944165,-0.47646072437903,0.536535190465583,0.671231669390406,0.122326279888885,284,0.705561975673835,4,0.00139927856514168,0.00139921521226874,0.668007185111259,0.235662413025758,0.0710974509487361,0.310689310988083,0.455107647181577,0.539324595519602,0.519371528502935,0.10496673814375,1.412779909115,-297.748792249102,1,7,0.222266035816232,2.4157655796121e-06,2.4023990574989,0.128274085458485,0.0606151408667996,0.088761473853634,0.6701583073068,4,6
10.7987576755405,28.469524002899,20.5819809327404,281,2.09642137501418,276,6.08447918975388,585,0.325170525338061,1.02172631975452,-0.17617036688419,0.54572809444911,-0.495511325624282,0.603670589479431,0.670470297223302,0.141925499128154,268,0.710209348611795,5,0.00182197826360219,0.00182157244609556,0.661706887247203,0.443912298830741,0.25570198876192,0.248568535002328,0.440718679815532,0.557523921890778,0.545914240960753,0.113382840175611,0.889168923825331,-334.016917117345,1,7,0.22146004252406,2.76882818683326e-06,-1.05746571909379,4.34358468990346,0.0991425284297196,0.0579304516352854,0.647671409280266,4,6
28.848252869627,155.353130592798,21.0361984225447,646,2.95211931933148,641,4.86540303873823,638,0.411830040695701,0.768190541708603,-0.187133792054229,0.461725863116092,-0.475134511703155,0.544597088168793,0.624932402366326,0.23425595077345,256,0.821305578384484,5,0.113909104963617,0.000100003783006788,0.786287513999697,0.376002261277231,0.0273572577683008,0.196766550390024,0.412452222528868,0.592254168302601,0.481281715256643,0.263026846837071,0.410531802213651,-399.115038597155,1,7,0.41468551244319,2.53106832503563e-06,2.80332627828327,-2.33128879668201,0.114673251151126,0.0650310456261545,0.556303612197009,4,6
17.4876808537509,50.0382212895517,30.4317863429385,281,2.9005032478678,641,6.59018801287935,278,0.399001149863726,0.621318447170422,-0.157622492755446,0.321297851773828,-0.469498388215859,0.34608240666569,0.488833534398696,0.0840776285081915,267,0.866239910897062,5,0.000255597310455631,0.000255504630650715,0.763738863848341,0.711262389052661,0.0326780775377453,0.213785820782255,0.393729803428025,0.590099972194661,0.31165404701607,0.191083004056222,2.45657372135896,-364.196793430597,1,7,0.294185778363581,2.69603177042517e-06,5.24894319738246,3.24877428655457,0.133277312985856,0.0666225830297735,0.489724804169823,4,1
14.0058411405057,51.1264956005119,11.466294619004,630,2.11064214567518,641,4.93103576149545,625,0.526259044830319,2.10229309412916,-0.36135038872083,0.62620848411786,-0.590520575827837,0.98960865548804,0.756841045233219,0.139688658883482,205,0.600013292871392,6,0.0539505715021288,0.000100012810093159,0.80102989829524,0.382034660771473,1.22698390617544,0.366383060384774,0.375614665843342,0.734348267817925,0.618828342097929,0.508952971005677,8.59186642700971,-416.151661061519,1,7,0.690510434374507,1.99511310078992e-06,16.5430598279845,-3.7964132535143,-0.00183602456601855,0.0831639061561013,0.538032758225147,5,6
8.6342711797254,11.6981946290639,18.9219111311802,607,1.42304433204836,276,4.15520008446559,432,0.457785526752072,0.944544823025584,-0.204521553714289,0.358164218050938,-0.531679198551958,0.396493392401314,0.620712672462222,0.101637886591923,252,0.791518733861743,5,0.0677169025292528,0.000105577085774722,0.799804751221806,0.4691741530119,0.331955700975427,0.261074978461068,0.425155491835847,0.607313281422892,0.427462447989616,0.283940233073187,0.937803963145248,-369.677818553189,1,7,0.446804828121488,2.83346181470495e-06,-0.71287517889016,-5.64168571200207,-0.00735976326341483,0.0305552349142431,0.526916341235846,5,1
16.2526195405784,36.6736531282708,7.25148277939111,390,1.94576006674574,641,2.83343866366896,642,0.337574295129662,1.28161633526811,-0.121873424226421,0.603711829569748,-0.460529826960491,0.539905717826572,0.688026028869622,0.120879882534173,286,0.70366133910987,5,0.000495972642105388,0.000495858283358554,0.639996663708775,0.267594224459132,0.139796433799969,0.368288461802798,0.486245140764486,0.54551335400393,0.511494983967716,0.0836113705645341,1.44543937161527,-280.231001181848,1,7,0.175324397079899,2.07266048691475e-06,2.3447892283719,-1.35355198650947,2.79407768881339e-05,0.0534117347996045,0.670899555987893,4,6
23.2774080273684,100.556635774955,6.87153440376704,645,2.38727495208821,641,2.81601026091255,635,0.404086370182877,1.5382718183786,-0.010523646921233,0.712200725918603,-0.371018401791836,0.470047861955262,0.698164351872741,0.208898851199684,254,0.674602499145407,5,0.00182270218080268,0.000493662883519865,0.715452545644874,0.239201390152222,0.256562876723486,0.475431630816856,0.548797426580001,0.512199122829353,0.460699469520537,0.0772159604070576,1.71085398231595,-233.018697402353,1,7,0.217930525560666,1.94233994312871e-06,3.10543220954331,0.931996347660438,0.0939507034550967,0.0759247426011906,0.709877639019653,4,1
20.5273691268689,140.618797730347,18.2665664160455,281,2.23508745252723,276,3.0847797467271,278,0.487779776795555,1.31716336494189,0.0195217492621871,0.849653654879052,-0.322343356575588,0.626096732527144,0.745680693242825,0.384977010467366,258,0.648679906971802,6,0.0010688395656175,0.00106818048262076,0.818128673464861,0.399337924651296,0.0147656813132897,0.400766991788311,0.614066920543444,0.548558385987902,0.475065999225266,0.199062017834192,6.8919524887452,-260.977863501269,1,7,0.395362821144878,9.65818252643436e-07,-8.89345383455866,-0.509086449409368,0.237281619478846,0.148465679022255,0.683304137832789,4,1
17.8388937617058,53.3383131065789,5.68691055129786,530,1.57571554278087,641,3.60466091380026,635,0.238940775996222,0.872853581704744,-0.249911149351336,0.592794330524007,-0.540232728279809,0.863771659167801,0.668186056998984,0.178148204168597,298,0.794409037322548,4,0.00140414827901713,0.00140409434339199,0.577051800400265,0.33042496696567,0.246857988984075,0.197551182109812,0.406844512057238,0.601448229470326,0.594993602858488,0.0862538862918888,0.301123518940841,-382.848941305658,1,7,0.103075401111544,2.8610237149337e-06,0.170850597522981,-1.23236440720909,0.169572089679735,0.164841523615434,0.586133974174368,4,6
20.5799657340073,66.0576429604583,22.8099100800408,281,2.63054520499558,276,4.31705629238436,278,0.36889022872247,0.945390385463,-0.157782749254835,0.538890044881081,-0.484116591141985,0.600789259763099,0.660828259809062,0.183065670711059,280,0.7444737973995,4,0.00916617388995906,0.00176735598928087,0.715359434206302,0.25172439081415,0.152651464006498,0.230102416475145,0.422475236389384,0.543620744930979,0.536670639334059,0.150423016130414,2.33639034186636,-341.178558989135,1,7,0.286375814506203,2.61852877729877e-06,-4.02620632645302,1.64767726363192,0.107567489958714,0.0465592920910909,0.637606310425218,4,6
19.3552455045422,104.658320763581,13.0117978683624,280,2.32993417069452,641,4.03226335849984,267,0.357897799712709,0.974798537260736,-0.0960757646496419,0.603394497656443,-0.401022304509716,0.558629845492716,0.613536267249469,0.105352850824208,274,0.761836449621012,4,0.000101024204621151,0.00010000189285448,0.686939775992206,0.338528157565563,0.0673083422696302,0.309826908666591,0.495223267246946,0.581069827950419,0.409322792055593,0.107381506471559,0.259831115152978,-308.664663635801,1,7,0.226276829589969,2.16066812018867e-06,0.310627465324833,1.99350151123583,0.103486444040739,0.0501896203723744,0.630053393513624,4,6
29.9283322574546,154.769017429616,7.92652175350982,281,2.36985842373174,641,4.04224193940535,693,0.414267443999967,1.03828419691073,-0.0902880641126348,0.552054385555076,-0.426736031465957,0.446336317192407,0.640992326477197,0.222784173674372,252,0.752873310774153,5,0.00195708712495092,0.000100003373963843,0.753772271632414,0.337994654991896,0.00539867911988559,0.294143749290745,0.465059680125427,0.533818045711724,0.448177161622966,0.161795862381536,4.67114429279389,-302.121681375345,1,7,0.258106225634455,2.05236527588659e-06,5.42042248865953,1.58996470814553,0.168243521248991,0.0561350134374845,0.617310811602713,4,1
18.3801107033631,81.6262766782011,16.1449586462268,281,2.05515739381766,641,3.20527977421771,278,0.289838481937148,1.3391634728472,-0.13349636952629,0.718736225710033,-0.436795835390724,0.722481747419815,0.750472845971202,0.256335411111609,276,0.654386969576128,4,0.000301814797063474,0.00030180934065832,0.54824128695887,0.184286071098873,0.0608786042760823,0.426027929653266,0.505846043928797,0.547251924497252,0.598790560036705,0.0564754535331254,0.747945808712627,-285.462802747044,1,7,0.153293619989994,1.48603771008987e-06,-1.73619237118702,0.00434928125891593,-0.0057878024968039,0.0452173617576236,0.744113458703683,4,6
11.3974073966905,33.4382782578766,14.7552851094875,283,2.03246772668602,641,3.54785245275824,377,0.13882276313853,0.65338460867424,-0.406606992078946,0.627192366364169,-0.660537245166497,1.0863553424668,0.611913850538224,0.146784641372592,301,0.809875946067445,4,0.000100039764451714,0.000100002268887865,0.53677354555578,0.281654635583712,0.589429460225236,0.142633981235336,0.452558682502637,0.737298130385378,0.549634098176731,0.0889391266277841,0.465851894603766,-496.476320740093,1,7,0.163961721908328,2.4862412751396e-06,-1.93421788698161,1.13481608687566,-0.00616129250987845,0.0311465433259978,0.596729649410754,5,6
13.5894445000597,64.2211767486582,18.7463753571332,781,1.81977491076014,776,4.11810530441091,778,0.32446667075722,0.794482432783632,-0.227692230361764,0.966066115036167,-0.436910943449951,0.999006521471444,0.711266202789701,0.279251533619059,263,0.744261577124215,5,0.0970914312720381,0.000100000756253469,0.718090439953609,0.277399284428285,0.169577516924357,0.1799520773018,0.537594924910887,0.720557221129198,0.5881394020385,0.25073454609537,0.21020512626479,-503.048922116369,1,7,0.468525545000879,1.42418555200119e-06,-0.659360917948238,0.422096559493856,0.0275091684193199,0.0264543165808535,0.661673024042661,4,6
27.0692292820883,101.588240549383,53.1588570350475,281,2.96396635027988,276,5.02737967425319,278,0.330027126349735,0.885387753850264,-0.151352358273583,0.483665950588904,-0.46021540043753,0.466362482380824,0.585887418936467,0.104267737465805,268,0.769671966886868,4,0.00039062785153144,0.000388272093366112,0.66298298704271,0.389755393064561,0.150159451760472,0.251638434272292,0.453620302725319,0.588810976756871,0.41755464153948,0.122583301536639,1.58195953279297,-336.233814050426,1,7,0.203488580576421,4.10659603047947e-06,3.98734632626411,0.631255755974957,0.0811787044585617,0.047784428105037,0.595303140314097,4,6
18.0833668736288,44.9433258768096,16.6493815362701,556,2.98529640274425,551,5.71110293849209,547,0.393447935514354,0.90011666875741,-0.109987468300009,0.571552219260562,-0.431166668942673,0.583040592540089,0.619541405112311,0.203776665650032,290,0.773996297840736,5,0.00820780623539356,0.000100004666277339,0.745188686781654,0.463077077117423,0.18913842773834,0.266422672967186,0.429500598912596,0.534602711320403,0.463569713083124,0.143742097835423,2.19342048798761,-319.078067248243,1,7,0.297996111096223,2.11146068487948e-06,4.0824715267167,-0.563714786354144,0.178936759521954,0.0628635032750642,0.626833977594691,4,6
16.5812605528029,30.9122012621114,11.2146916912805,646,3.09162002711662,641,6.63853993439339,274,0.40108270099068,0.909220356361373,-0.0830376703836087,0.559121499708574,-0.410284322705627,0.548878505622095,0.591659620742533,0.159382352921372,269,0.811674760983791,5,0.0082139797913857,0.000100192086502444,0.752882436393458,0.460326935939837,0.0805872879461013,0.304563406381789,0.436885203367395,0.526622719937296,0.413178326642811,0.129164886165993,1.6757654184969,-298.761668389268,1,7,0.222180128495974,5.48031858670051e-06,4.39337048693296,2.94281053486402,0.270793847240096,0.169181375948567,0.556661006433839,4,1
18.1721704475815,64.7866534116546,9.75820059218903,646,1.47475714395983,269,5.07133194761146,635,0.387178500822729,1.53351602886947,-0.0170437046234723,0.724931295758331,-0.363133462111112,0.518263791663229,0.706985853987799,0.137818539916394,274,0.691569490219337,5,0.000100073787419019,0.000100000016770427,0.680670278055056,0.284367067906154,0.152998141955259,0.481541955433163,0.557040102821381,0.517111485201423,0.477073684063897,0.0702663962491943,0.985715544209715,-236.757858505324,1,7,0.101490145219734,2.05188697691607e-06,2.01911213557562,1.88185753647633,0.142207676291927,0.114014134227794,0.65781466353816,4,1
20.7413619401931,84.3225081909016,16.9699345314604,281,2.13403785811859,641,4.41955770679194,278,0.406623196848731,1.4288927730513,0.0232900656844912,0.75227397439862,-0.302683080182606,0.560311868692509,0.679838608834769,0.109204300214695,264,0.633152484789623,5,0.000100023101445548,0.000100008478913313,0.71922512448325,0.313736669688243,0.104166657610827,0.496703097930582,0.595684728887091,0.539634821624837,0.408374038897627,0.0723524770091749,0.118553665019178,-234.624793849562,1,7,0.199199504453148,1.98354258546233e-06,0.359970051705263,-0.487922139740018,0.1407396573445,0.0811336078923162,0.702346215679936,4,1
22.204642275773,57.3466346172936,11.9562542468942,565,2.20809058385194,641,3.9943886274725,271,0.308574819931613,0.582649229328629,-0.182005586388308,0.630023159877984,-0.440261549599015,0.723895678698429,0.545193447600999,0.184810947943305,282,0.825806306284536,5,0.0157609390688204,0.000100007529513666,0.665853989915656,0.428552006820086,0.0513410552321295,0.193514903581917,0.407958571926413,0.612666803378749,0.443053095224873,0.148251011664347,0.148102589310436,-398.717835685831,1,7,0.264722705456312,2.43539448535515e-06,-0.019312072965755,0.558528646053898,0.121102814216068,0.0898045051059461,0.537966484232987,4,6
17.334582926302,40.1206961991571,25.6488812524411,281,2.44811168660883,641,3.5166053251952,278,0.398499310950475,1.30815237689228,-0.0743067480049014,0.572313183640098,-0.444872654064833,0.412025946484953,0.647817041516916,0.10913197719391,262,0.713552085842981,4,0.000453635803651976,0.000453232665008792,0.731027839208868,0.264884804879994,0.0984145123828931,0.3887612041564,0.484840741571676,0.531209805815731,0.43593999570178,0.0970733641284278,2.0209873132623,-262.739572467901,1,7,0.206992485901502,2.65398550291802e-06,3.4509859091613,0.517861578834896,0.13773680265593,0.0644785708811683,0.650400949148598,4,1
15.9800168838061,43.0077602075278,21.785372309495,646,2.59266165957928,641,5.57862857983026,278,0.264598286015902,0.609942146637191,-0.255421786228017,0.334847906229515,-0.543319206221691,0.44504816809466,0.486999713051703,0.0332754377867427,288,0.829683213085297,5,0.000201310889917319,0.000201265554714539,0.611290470997251,0.672216267436373,0.118022946076206,0.170452269993481,0.390808126452724,0.638505690481125,0.377403275526733,0.115381068890607,0.618772202999886,-399.724478531021,1,7,0.139324458354486,5.1232906855402e-06,0.800153799493017,-0.367607147695917,0.0528696549947858,0.0109238097532423,0.514293338818272,5,6
15.923251717021,38.8354502068651,16.56626869131,281,2.50388613188189,641,4.15233442103185,554,0.30828049747795,0.762337704945014,-0.268368717582926,0.501993515896391,-0.570932649676589,0.739801520748687,0.632256283978054,0.0764606984395225,295,0.784822353814376,4,0.0277189346209841,0.000109316821842133,0.683745225120542,0.395406746749338,0.139262184376011,0.162233173924672,0.399542867369617,0.610331705177132,0.548742290404035,0.152988229641953,1.41550890970521,-409.047557703079,1,7,0.342821102773919,2.51721033185464e-06,3.76603955620774,1.53522074189053,-0.0222684925800167,0.0370424499802092,0.640773515430157,4,2
28.5446895392315,147.558122754718,15.4303742397324,281,2.50107531146695,641,3.00900410748681,645,0.502074558655531,1.25152928142992,-0.0587020628659078,0.619302803823983,-0.443207990504716,0.472885927753921,0.71637670063512,0.385007899329231,247,0.68723886237063,5,0.0144998167690826,0.000100000725920641,0.825386213844468,0.321483272039897,0.100160851023752,0.380686912150386,0.493779290567732,0.519272662804686,0.498984191339599,0.239544993694794,7.98883754993032,-280.858679182048,1,7,0.402539001043228,2.28751783455374e-06,11.7925846890552,1.69730323511287,0.204413039103301,0.166138270472962,0.593548793140184,4,1
22.9757472810317,123.68411641248,9.1135849900896,49,2.30181761690259,641,2.80389031682282,603,0.398286993748601,0.903511211234473,-0.102996380166743,0.674091086372689,-0.39023615815912,0.70015974737477,0.680281752162421,0.231999024985024,256,0.765901586626626,5,0.0294432993608152,0.000126779016607743,0.738765748105666,0.383048887182755,0.0522943373226898,0.259964599724282,0.505279646687305,0.580862802165934,0.50124162741991,0.187919281579994,3.58503547541764,-344.579710770725,1,7,0.327269956747391,2.15038553253074e-06,7.2452948449664,1.88139395176794,0.167907463054225,0.0919300301221164,0.60661329514363,4,2
18.2557103580094,65.6314655358761,30.0812524129889,49,2.18773079012559,276,10.2781773300399,41,0.361527622912599,0.922522063591125,-0.0917125231064539,0.530085363847584,-0.402205173830794,0.517065981254149,0.590075249301074,0.00508220177198114,268,0.762929195124558,5,0.000993295817915726,0.000420328729007916,0.687650776513129,1.00771085312915,0.22219710557102,0.308201170979647,0.457289230103232,0.552803225018488,0.406480715487538,0.111973968815128,1.71581229491174,-307.435656322623,1,7,0.177787429066585,1.2925819704449e-05,-2.77502138544575,0.910892763216501,0.187925127330985,0.056345809865136,0.607047708403915,4,1
21.4584100804254,84.9119783981039,15.0526806142554,559,2.59570823230663,557,3.93266999016093,547,0.437243750471173,0.978169994989997,-0.0612491597340365,0.601349328961574,-0.399726124172672,0.496934235444153,0.610497465890717,0.194926983980474,244,0.758177346450686,5,0.0146153232643034,0.000100005296586476,0.790596980933054,0.456417741364816,0.126449107442525,0.312775940537956,0.483972390664909,0.553780637986823,0.37409170826834,0.164642281907777,2.97284591084857,-292.951772342448,1,7,0.286883925004624,1.6977406540428e-06,3.48590302857072,0.540376526465591,0.214325891457661,0.0970764241616954,0.591952564401579,4,1
14.2788304780606,38.3623297724614,19.3401722175045,648,1.84206250247173,643,4.01326718459888,628,0.396564558150918,1.08838406478738,-0.11613249634281,0.454349186414059,-0.4878421121896,0.372220692940429,0.584783381788847,0.142695516613746,268,0.751977316112829,5,0.0125813414193226,0.000100060835342107,0.741795733762596,0.458065503313425,0.179764788936554,0.328788419446239,0.4593561453793,0.570386004656154,0.373682196224007,0.144727261367378,2.12785776849902,-294.037967225835,1,7,0.215973436783833,2.33315315408468e-06,4.14865378449493,0.690406032094474,0.087809032398639,0.0361004706335708,0.582767029268418,5,1
25.2715991170787,232.81877834405,21.5212679314495,281,1.89294382266879,276,4.31715350654022,642,0.413159639580287,1.45116544874886,-0.00374545831255612,0.791600329659557,-0.350405238160112,0.569492493288031,0.715052129932934,0.152736659529021,290,0.682839969886825,5,0.000741055045632541,0.000740779543016582,0.732610289687263,0.430418038155377,0.126083975005236,0.431591391438099,0.586441358669518,0.541573405193643,0.468765221547496,0.0988347864380491,3.55640950488881,-243.775443072047,1,7,0.151876229292913,1.53697089818078e-06,3.3938440986614,-0.662240000832414,0.197977683412756,0.0890945401994864,0.671962026680076,4,6
10.7765817442492,15.8913581483372,18.6491435019139,283,1.85495950772855,610,4.635825269937,597,0.254076473311179,0.511912043257983,-0.284146276974055,0.363164260238057,-0.554754007631149,0.596029589670184,0.510814220023147,0.0661354838700077,298,0.83685364396926,5,0.0218673207943004,0.000100022147053052,0.634282136010643,0.48752927587031,0.190797938334126,0.123161624627533,0.38686736265725,0.658338524865137,0.438258914037372,0.133862120362564,0.710524775390579,-448.424579532624,1,7,0.16201594214344,6.08137115982648e-06,2.89774315132139,-0.789447887452032,0.0944405182070972,0.0276915776063553,0.487350955034945,4,6
17.6165205493419,39.5015183572418,21.3041160507581,171,2.53213956307291,641,7.53378094515394,162,0.29875844258986,0.466765338709542,-0.248954621456619,0.261141515508153,-0.540790188153326,0.388887493281076,0.418544802046944,0.0341796786860509,290,0.888190243033094,5,0.0124829144236759,0.00010001154557281,0.670423147203656,0.805649006443742,0.0920865567253653,0.143877075621178,0.400287912926717,0.664318511342725,0.29151223604955,0.153813160388471,0.437237065250567,-423.653061643403,1,7,0.111245290600594,8.79593277635218e-06,1.58986931174207,-0.943948612335415,0.165403349621135,0.0695955880154417,0.394124994408977,4,6
9.16880687651411,11.8309704534821,8.06207585818243,645,1.9837891323217,641,3.01488409162326,636,0.422118011131682,1.08896491577348,-0.0867592243422948,0.562110942163891,-0.43587722675171,0.447442655089655,0.667758114514976,0.226728260846142,272,0.750944878111924,5,0.0131005562388682,0.000618649104495023,0.759676695579926,0.420977946623098,0.348569157385111,0.291333541439251,0.497454031245922,0.551528879229176,0.46448030868387,0.171435722058993,5.02313273096266,-301.749311544303,1,7,0.285075517862322,3.27614521984165e-06,7.0949199659676,0.63432719887717,0.142755959313836,0.108605611365457,0.591403392536243,4,1
12.0127610829775,37.5871478063563,32.2324123944311,281,2.89214550643435,276,6.08821628623866,271,0.199106733584017,0.403403591248036,-0.358029424450734,0.476529825766347,-0.587722587620499,0.702744508742655,0.54025896406914,0.197799447105602,316,0.858959182276805,5,0.0226283207414874,0.000117655374570843,0.622303860048962,0.352099577782967,0.0659276578484431,0.0578952962717477,0.386907257799538,0.727522548430667,0.510296259952763,0.162020559111174,0.756464436620183,-546.350050163603,1,7,0.26533926957601,2.85412074804298e-06,-1.65083478926919,-1.94926497423362,0.0143330747452393,0.0264445664624518,0.527348885669611,5,6
16.7820875296799,36.6990510508273,21.9190429474338,281,2.37057179505604,276,4.15379712090824,272,0.191200918526576,0.420182627371381,-0.357048372969019,0.586800033059996,-0.578985127630486,0.821819452104057,0.567329117988765,0.172621853113556,325,0.859352749037175,4,0.0337771361547338,0.00010000093858622,0.61714708637503,0.272572797006318,0.536347353761653,0.0509577831381119,0.386694774163657,0.735381822665632,0.544491772455743,0.155828864582881,0.23092447828337,-562.997706640496,1,7,0.260936427525898,3.10144305213506e-06,-0.46902963879654,2.29620986480042,0.0290352142366465,0.0491728546142624,0.535645824101598,5,6
20.2376118470606,93.1681721302671,13.6398533614206,646,1.98938781020374,641,3.81447829402725,62,0.240457748571811,1.03850113768795,-0.279470104549518,0.589242574385203,-0.598283822368814,0.951100898711918,0.660902984245768,0.102553192365595,310,0.75130396840692,5,0.000100062622471524,0.00010000286224397,0.547480388107518,0.435131123143211,0.439199746279874,0.27852193628387,0.424877125770332,0.624330303477347,0.551063339531629,0.0701742625195202,0.29217672981797,-352.7550344537,1,7,0.133639749972717,3.38608696991405e-06,-0.680543505575139,-0.0588022336219395,-0.0380206728922522,0.0546569289979145,0.629696402450674,5,1
12.9034504967792,29.996012586815,17.5131038163424,281,2.19228446193591,641,3.13671449981988,643,0.313045726011794,0.9353966345117,-0.201935243827332,0.55313273226749,-0.521994613448174,0.730479699844652,0.635204210771909,0.147784132032677,278,0.757431348017944,5,0.00010001012778184,0.000100003965651491,0.649765484249192,0.27494086963824,0.633912206880661,0.239459919532409,0.409903894038999,0.56671131239815,0.519958695834853,0.113273177328126,0.148968765026537,-341.861281352408,1,7,0.165437407203609,2.8179310959041e-06,0.758880554091873,0.194165356744536,0.161321839194676,0.0558643336308193,0.64132471901124,5,1
18.1637789175793,48.1311585715299,63.963292133069,329,2.89786373541994,325,14.7292534926028,327,0.378597907492169,0.374739727246592,-0.280307134573552,0.305060006072603,-0.558815867373823,0.507736944166336,0.381327699162689,0.0574426409426528,264,0.893096243896029,6,0.170636581236949,0.00010001164212754,0.78468662306785,2.20699430674225,0.182416894716556,0.149136390091407,0.288947398260447,0.651163855868081,0.327150550557471,0.246718546110035,0.168388589663608,-446.798229668875,1,7,0.332172443378915,1.57510089558899e-05,-0.308009634804952,-2.52155215304962,0.120552186978905,0.0280182734766615,0.406532080962857,5,1
18.0806836141799,54.1632731628065,22.6402994351003,281,2.34903576953958,276,4.98417470248419,259,0.274634523390353,0.773068937724938,-0.261872830417383,0.557917403888271,-0.548489023889022,0.812914031098079,0.65810818020538,0.228229203754838,304,0.786611889903838,5,0.0165767894293441,0.000100006911341986,0.643813488342777,0.451080682324479,0.109915679629702,0.158899730751622,0.402187302996164,0.606277462618601,0.586737470311222,0.127323065760036,0.405175271600902,-406.567203178267,1,7,0.243679458747587,2.34926200986517e-06,-0.391612562791145,-1.5079399298632,0.13224927784263,0.0721552796967551,0.636249489081971,5,6
20.7237360655635,72.7575423420077,12.8929867729625,646,1.84659693794808,276,4.30413569618125,642,0.360308015331297,1.23584343334734,-0.0756732072185057,0.559828113904984,-0.413248257814836,0.45184175806471,0.646800367410264,0.108953092971197,286,0.729247112782401,4,0.000232393301874793,0.000232351142254977,0.664579929452687,0.382850197771863,0.102530198635965,0.377083471514451,0.491617633776502,0.534430019221552,0.447756040633253,0.0862964684926512,0.420612007533378,-273.500758695477,1,7,0.132543913050362,2.23737187038002e-06,2.33149407003129,-1.55215229498141,0.154635052074874,0.119050525553207,0.613645844583736,4,1
13.8375384123394,34.4890639743642,11.9210783679996,281,2.00515585926637,641,2.4988925983305,271,0.295072616476517,1.05570223082095,-0.150756616130591,0.92739690731109,-0.414864173474322,0.993956933246118,0.759851251073575,0.387620580090412,274,0.686032654087223,6,0.0147370122263125,0.000100008923665005,0.630330754048846,0.162619330019019,0.0942193937220189,0.272877388241771,0.541336191971405,0.611249175339533,0.637814729831924,0.114532416666706,0.92909871172237,-351.711159287145,1,7,0.308188799869051,1.15319029065176e-06,1.64208778506081,-0.0997807532559984,0.0321529194088234,0.101360311977853,0.735019083233574,4,6
12.1913167001155,42.6065955044513,49.1453702324884,281,3.14184649395478,276,7.32800999440675,278,0.242923519038974,0.506589419288165,-0.242194639136747,0.647501521503791,-0.468358181900201,0.722484107978172,0.532829637169514,0.0927720513006375,289,0.832601452417973,5,0.00617663667099922,0.000100008256334724,0.616025677025173,0.37568433427593,0.144266018301341,0.147901613220447,0.413953973028781,0.672011001404751,0.46244192160533,0.144692834083601,0.782971171827074,-462.417329760404,1,7,0.247737952761477,2.34775198869574e-06,-2.4871373544278,-0.293645149603516,0.082509251623981,0.0436351940273785,0.567073175891698,4,6
24.8046298809512,124.525626904882,16.2794512683588,281,2.3354445669268,641,3.4778440387553,643,0.380569343080885,1.20589014813167,-0.0676487978605905,0.573308522065233,-0.413871663002831,0.45199614245173,0.619550509888097,0.17389183953961,256,0.720775886253,5,0.000513866936837906,0.000513697546424571,0.699249032527994,0.278321321196898,0.300666104943055,0.376320352723228,0.472527471550255,0.525399258966713,0.406864266913642,0.0922028584539482,1.1225011031743,-268.297167312611,1,7,0.200308518211508,1.98260656345898e-06,1.88127638448045,0.968087164478008,0.111174151673598,0.0520144948751274,0.650105803746784,4,1
23.8394263159687,97.6458240792729,11.666844071631,281,2.1189128128618,641,2.78162403113139,278,0.419939304104756,1.42760244982039,0.0154325552557976,0.8400870762057,-0.314095251483732,0.650298957498669,0.715339050263448,0.221213067949306,256,0.660470485731494,5,0.000757428429069422,0.000757366930615369,0.746543858896236,0.285567889545629,0.13753645856755,0.446233238773377,0.618376905958724,0.559703810778433,0.446682115258227,0.10395358214392,2.76995898100966,-244.020195018714,1,7,0.206274515973237,1.84153944519575e-06,4.60275079241007,0.0938641152089441,0.234804592045574,0.159250659749308,0.695787996957172,4,7
27.8282606942809,82.0537234004516,53.4045712540309,596,2.29496468736959,593,6.24359617989783,595,0.19554394214782,0.151628172949195,-0.387475591498363,0.27599533529712,-0.608753421917147,0.467875648022464,0.280045258517299,0.0716372397016682,336,0.950451574786927,9,0.0190800990130762,0.000100000318346117,0.627264855121401,1.05868893452553,0.0753836428896939,0.0535888131883729,0.369003371165229,0.801286958704756,0.262477110715298,0.180326383037215,0.628210008019765,-586.317184318205,1,7,0.129520248900932,8.28638512084013e-06,0.916845984278188,-3.36524286433594,0.100457560760229,0.0307233383088004,0.250510441688956,4,2
37.7589118507623,137.201060034471,18.0155099823655,778,2.78984826972638,567,5.23620360547807,571,0.452837771229362,0.57429188809063,-0.272158085351349,0.181590061339726,-0.553254742347032,0.409678347273049,0.334594613676687,0.125468425774908,248,0.889334900912748,6,0.0649370258258418,0.000100002811734138,0.799848845517307,0.84571390904852,0.0404302148552257,0.224105662247392,0.288007075530844,0.703913781870016,0.216226088076618,0.360182739241042,5.67188945772612,-440.47504036627,1,7,0.288329917954295,7.20475665737332e-06,12.3662761401444,-0.0889495848267358,0.30389322105182,0.116369582677599,0.183473164752191,4,1
18.0373918509072,73.0988862796434,27.3530381328278,281,2.76583777564842,641,3.99703480041149,119,0.0897694224247347,0.39672765138197,-0.421216767365994,0.692336007866851,-0.615698106489661,0.999942072094916,0.5864301446677,0.126772194424485,310,0.844191480509172,4,0.0126429730442279,0.000100011141839376,0.549535273889377,0.523712452495339,0.1975031529445,0.028000929761465,0.417117913802072,0.824636264037337,0.58093063351287,0.123401967984183,0.347849416600333,-630.433754585776,1,7,0.239329438235134,2.60966531233013e-06,1.54281113735922,-1.94458324264575,-0.0724785904169768,0.0419835013386942,0.575853837054777,5,6
17.5060520881761,39.9448635933306,26.8051051011869,281,2.7867669862474,641,5.0205285378658,643,0.317114510989493,0.863922586499687,-0.219235671054144,0.431615538023537,-0.530664853088645,0.482033563625172,0.61600313623243,0.114833568188533,276,0.787190471595342,5,0.0233374509241992,0.000100055257323605,0.674489120732816,0.492522362237046,0.471025202704223,0.194440886087178,0.422428907118335,0.593258574808416,0.499448309979242,0.134458677408744,0.714394815193154,-371.813128396958,1,7,0.288875928049874,3.40449842417848e-06,1.39772170904018,-1.731056549082,-0.0317756047139782,0.0482530056657549,0.61668144238825,5,1
12.2591977117905,14.2499397737696,27.1323102645227,646,2.39261394861378,276,3.61381961899796,278,0.362470667001116,0.514670919322095,-0.245067380788071,0.355104068590345,-0.526611099900464,0.492580432595816,0.509738739956244,0.134827125299586,259,0.871752320446015,6,0.0895846474653271,0.00010000020113026,0.750585501775846,0.291517929970897,0.387988854240004,0.144828498863141,0.359967771295764,0.635169766362293,0.410525373571097,0.229829277632988,1.03779943738486,-441.362363657692,1,7,0.370990473156285,2.13779771090305e-06,4.68682699017985,1.54790098796712,0.0215383188345686,0.0329036893455104,0.491419520143777,4,1
14.2217359629619,34.9079523767449,43.8956756951917,646,3.91972013982167,641,6.04553350317192,643,0.429257576530325,0.846876158161053,-0.144635093481989,0.371425264230111,-0.520009236678837,0.355810246061097,0.496787811268786,0.192368157982174,258,0.802962312744532,5,0.000100020553157579,0.000100001730297103,0.809489841390218,0.505722205192197,0.00617482604613616,0.301869538003706,0.396096923661734,0.58206095731277,0.287691105880186,0.181013763137871,1.31670643829392,-315.457682610545,1,7,0.254338539257203,3.60964630854231e-06,5.03194171381575,1.40539510678855,0.148658886472991,0.0460588324131906,0.495849217781192,4,1
15.6640081758246,78.7127154818496,31.5142475192062,646,2.94934897358484,641,3.74855524983504,643,0.289163632811015,0.611884579298563,-0.299620753627404,0.525519010038816,-0.563762383174615,0.730704203189977,0.63435058085952,0.179017738715651,308,0.830156046119106,5,0.0387762393262938,0.00010000173816409,0.684450422228272,0.422710980462948,0.0240496247352658,0.0986129968618669,0.397977192659573,0.65423762611595,0.571479427931719,0.19172739465367,3.33756536813505,-482.364715641613,1,7,0.381462100012422,2.08902558820632e-06,6.28368726964093,-3.16172338444158,0.015849863717804,0.12324506233018,0.588167292320624,5,6
13.288169515565,27.7116815294388,10.5116943529582,281,2.04780668326629,641,3.30142162766701,278,0.340828774399361,0.796053352786159,-0.146065577309019,0.458341291235353,-0.448308240277335,0.466801529360985,0.577898090084695,0.176605370702699,270,0.783426960745429,5,0.00245562714208493,0.00245551398214324,0.680046509053424,0.31747570379458,0.0594054428982644,0.235606827693589,0.452422907921836,0.588934415723594,0.411764612124811,0.134695398945622,1.7346890624141,-344.965656160689,1,7,0.174739140745316,2.90281197559283e-06,2.5514128084488,-0.305124729032993,0.168696315908816,0.0551859269569241,0.565512890948118,4,1
18.5107204482148,61.5145989452647,20.2898465372994,646,2.27056153658042,641,4.4245236692407,278,0.160281963745852,0.698983569095878,-0.281984958038493,0.848333312749205,-0.48906753718379,0.882164377301434,0.67690230809283,0.252435261025185,323,0.737967471877611,4,0.011058103482186,0.000100001055170091,0.56164476342747,0.375780036396601,0.0146666916324889,0.15221810246702,0.508598597463972,0.736964353496315,0.603221304964324,0.105717917235665,2.89475257068038,-497.691429150578,1,7,0.272514761798978,1.86436133492624e-06,-4.06970247666175,0.271393569604197,-0.0952429083966263,0.0276984232347066,0.684199920434619,5,6
13.7867828061017,24.9270338260957,23.1246077897442,563,2.92491478631743,558,5.37727969824304,546,0.317645885136524,0.532797231374212,-0.28701696354776,0.544508868888063,-0.536861714647928,0.684820866577992,0.580603951678433,0.313629462807183,329,0.839433657430539,5,0.0386151736833558,0.000100000377219344,0.710324656435674,0.463331991877083,0.116746992045563,0.111765265829171,0.395600912448458,0.673281101587534,0.506228291811513,0.227197418778587,2.87183113207978,-487.931649515732,1,7,0.368629466992808,2.38641873495021e-06,6.05458897429765,1.04826044746686,0.0751794200901111,0.0326581950857145,0.556935853255744,4,6
17.5583028437699,26.320568375124,11.5383143951715,470,2.52381483550498,641,3.6613849968446,177,0.226420278972034,0.282694659362958,-0.340172558152771,0.303036929456514,-0.575032701684764,0.472605166942094,0.404392371220447,0.0549061094226375,328,0.911270780416969,5,0.0122897589041864,0.000100008182323269,0.638915388858161,0.601895187239593,0.0145895098683741,0.0679358840000331,0.373492700552408,0.734791824864667,0.359362368496435,0.165205752355264,0.168584680106697,-533.470220622109,1,7,0.228157845620263,4.88366480683566e-06,0.904862687441636,-1.37028109743157,0.0181014261371446,0.0231672625170851,0.40489303931077,4,6
18.6393894093535,33.7909072298323,23.3359870946989,772,2.78752665900671,641,4.62819748381511,271,0.342371549638658,0.677657889087828,-0.166638826636061,0.465607342099012,-0.462020359695704,0.528507345311301,0.528821939679048,0.107694708191514,288,0.811089101691598,5,0.00146565841371916,0.000260016316035205,0.694836391727517,0.470322722561321,0.0580720696297605,0.217349711995582,0.405313913343695,0.588175959581943,0.387320179013092,0.137560822456613,2.36475828778797,-357.663946864682,1,7,0.23571410489835,3.68344836868518e-06,4.8240184508557,-0.214304175138848,0.150222657040021,0.0741450424857982,0.533417343956223,4,1
15.2926150588023,46.1498990012901,17.9054634838473,375,1.85039950768787,276,8.44705793872803,371,0.335885214442099,1.1399617280622,-0.0971595231442974,0.579094983780387,-0.410349992193143,0.508589711168845,0.63078786860387,0.0431281580756649,270,0.697121239101226,5,0.000100022049314099,0.000100001393767851,0.628146357381603,0.750494743755261,0.03047840627745,0.379773348739556,0.514374319065583,0.579572152383839,0.407391804311384,0.0841801062377867,0.37063007020475,-285.218148316474,1,7,0.132994213392549,3.68768033531108e-06,1.68249927561447,0.764444823054109,0.078747647399675,0.0214074564773461,0.647532009724082,4,6
22.1026176723863,76.317838513354,25.0008352979763,281,2.46494495286311,276,7.33162590896176,544,0.397083308563646,0.635944998241592,-0.123043771179319,0.370725925189361,-0.431966421670908,0.373292896454004,0.481945733575333,0.0649748830458975,268,0.84821848300661,5,0.0231914507566525,0.000100000296437492,0.764427711220364,0.642161056508833,0.0511594360612689,0.237950570794574,0.410595892105839,0.593825379430725,0.28701610776302,0.192222933198582,0.756676255221989,-348.532565968398,1,7,0.281242101471914,3.71241814122506e-06,2.49886788746915,-0.252706960566643,0.126526411901963,0.0510460677225574,0.500449521169809,4,1
8.14479574976484,16.6505722202337,27.2561370222239,281,2.45260701980968,276,6.330578502545,278,0.267162627368246,0.522313618417008,-0.353976005990956,0.407700943531969,-0.618369580002554,0.684692806288613,0.544911547977713,0.160497472830265,293,0.860923683447799,5,0.0238441708294594,0.000100019875423122,0.674237083860544,0.692514856262131,0.1067044158299,0.101308086577381,0.39335040861953,0.693907343551825,0.483153270712309,0.200279349478877,3.51414129786849,-505.563562579713,1,7,0.231659504318204,4.64107520927511e-06,5.94851988682065,-0.276204646204685,0.039226816907964,0.0575454979624603,0.450458094248903,5,6
11.1881375987879,22.5984253174431,14.4741996551954,563,2.82293847449314,558,5.87378306505718,553,0.414500697692623,0.958161219574574,-0.0887845401084532,0.626759870079186,-0.397440047944949,0.566667261803117,0.658808474095154,0.212701662137618,281,0.731098305774964,5,0.00168703537956037,0.000731616886897788,0.754396761519621,0.391065799684986,0.0314860010903197,0.272806135126477,0.483443980411737,0.551440559368307,0.475106648860611,0.177548774940818,4.53442297941776,-325.821575501781,1,7,0.413741293972749,1.04798060244889e-06,7.05019259679036,1.35844444853951,0.0530004570871516,0.0719860186716361,0.670188668617813,4,6
27.2688767727767,172.874558305439,23.7155633217456,281,2.05700879237454,276,3.82361641047509,642,0.43089634820609,1.2570732950602,-0.000790275819571068,0.707814866455277,-0.353396951285725,0.49867508024077,0.635188227765724,0.209969216841735,250,0.705317493610698,4,0.000100184834856747,0.00010000326293258,0.776194401125609,0.300378332469254,0.258479419270726,0.407825574114566,0.528857656527431,0.530360342413029,0.369206872247699,0.124720003331064,2.72468339136456,-249.864014224573,1,7,0.191146278824514,2.14248052529776e-06,5.56848060691681,0.535159258135276,0.266043748399741,0.0964914590564429,0.655054650158069,4,1
15.2044924999525,28.2791749423996,37.7274406057883,131,2.91566974020254,276,5.49713887755761,770,0.339418226694553,0.397639783662292,-0.336264280593957,0.257277329539238,-0.594087439529034,0.455103786353656,0.416542565197408,0.0451512058407819,295,0.874905324411228,14,0.0286056154783724,0.000100666955779718,0.734119226741087,0.573192184700343,0.101887306742678,0.120659441823011,0.350134989255943,0.71400875208316,0.330619515862956,0.280469964841786,4.7948357450019,-509.617626928761,1,7,0.335965637259375,5.04558019364087e-06,9.16897511893353,-1.06705818245548,0.0358703792689416,0.0148804595957176,0.400834450401743,4,1
13.7695040459709,51.142003505576,38.680856248102,646,2.18808326748421,641,4.97833572631896,305,0.178416161955776,0.685568663026007,-0.247216067455718,0.703061269992052,-0.474944418645746,0.790148779962962,0.619356931770144,0.205630581435017,324,0.784837976905776,5,0.000100017436245886,0.000100013154818453,0.503132019212641,0.547530516215579,0.182902149797493,0.213928943766949,0.466477408931647,0.680595557617578,0.518904510075422,0.0797370245190825,0.223735775443101,-426.979137679049,1,7,0.155209807093184,2.2777777063724e-06,-1.36519822665439,-1.51721734217488,0.041281630835783,0.0186859969332626,0.650309601045631,5,6
13.8613315000244,37.4075218389271,17.0924312115954,281,2.75409627130534,641,4.83690137386596,643,0.149443891839782,0.469702835290784,-0.402119712277935,0.702943335112348,-0.612516489885084,1.09775476714754,0.640041014541517,0.199890106003684,303,0.824517342486561,5,0.0288424943552619,0.000100001379772316,0.607182808739462,0.37934083189121,0.0639711074270241,0.0331764275607515,0.408425134432277,0.772097203360158,0.629628078554403,0.159555616796115,2.30208314940607,-608.257604406605,1,7,0.298174958708827,1.87798220412844e-06,5.12268641856069,-0.990909633771118,0.0286693588030256,0.0423932826556329,0.612871672911038,5,6
20.0276717880164,98.2183472190585,11.436419734606,281,1.68373721006016,276,2.34074137594879,642,0.400424310895571,1.27184676248896,-0.0311099612754566,0.771269022104983,-0.349382849052108,0.651135359190382,0.706515682406992,0.348704579649132,270,0.666387167663698,5,0.00154027991782174,0.00154017207020088,0.72198073559872,0.225590518227736,0.23760399969365,0.38044827042513,0.574850275887463,0.557091706791087,0.480751056522015,0.119704914633005,2.32073721859665,-272.562998153413,1,7,0.293943059956378,1.08356214576253e-06,-3.23469851302561,4.51811401693509,0.135595861755078,0.120787832512861,0.703507283418829,4,1
13.3653592447938,52.4996129275724,11.1068019238456,270,2.01159754387831,188,2.86501001100681,679,0.561808510123908,1.91592779220065,-0.349490554182446,0.538140484252109,-0.555512396485608,0.625851190969088,0.623217171959371,0.116056590542345,188,0.817873286767798,8,0.260044004819064,0.000102635341077145,0.898047577382491,0.273138249898712,0.314055452679046,0.423731210934748,0.368996223595902,0.789531617626102,0.3973715610943,0.528648105022809,0.113570108657815,-386.840805553985,1,7,0.69544880566369,1.01671636894949e-06,0.0193596074244651,-1.05148529647705,-0.14078684610281,0.0576892115092238,0.438406253284051,4,6
9.44043693597245,19.5797005154947,15.4809853296309,281,1.82355974922945,276,2.68884015841842,459,0.578351740980023,1.71743784650203,-0.223621202763681,0.532892921784148,-0.447454651860232,0.591706611066149,0.6166384868394,0.0974913766578395,206,0.834071821285143,6,0.233854826860744,0.000100388635181884,0.904413753463803,0.237109333951747,0.397971198187197,0.431942393215031,0.391889623021979,0.708982713746319,0.33903834469524,0.519216788020587,0.177475535869842,-345.83055261484,1,7,0.595618351268277,2.83793038091219e-06,-1.61271789571068,0.345722418973088,0.20222319676504,0.1017025086035,0.373862545059965,4,6
19.7375780534203,77.4832051137254,19.9592582864053,283,2.0559740249825,642,7.47803015678441,276,0.353789930384158,1.08865598322884,-0.0954303320550528,0.503931880915434,-0.418790747975375,0.424360683209531,0.613336405441777,0.083737466649563,262,0.725905596961084,5,0.000100049240032908,0.000100003391325007,0.671268366787343,0.634268239339142,0.0400955857417844,0.329394755865929,0.509447514044332,0.581667503668131,0.391609127833963,0.0897390467647291,0.11001724560979,-296.2842210856,1,7,0.213972430944304,2.11149243574313e-06,-0.442048955653845,0.451481948109363,0.036080091429341,0.0491689412585076,0.658559844241164,4,7
14.9483856847633,41.907598337907,15.2857030736864,646,2.61624972961102,641,3.81835275068316,643,0.287780112457403,0.382537980944272,-0.270853362348782,0.406602976888881,-0.526714311118116,0.613062977110392,0.479372053153268,0.0571065496993872,288,0.875958564021298,5,0.0195860420831065,0.000100001133640201,0.681056609387613,0.486854423552433,0.1881404166595,0.104840983043332,0.355836101806357,0.664783710255238,0.424411460970064,0.188082680247932,0.241966505401522,-476.201621644221,1,7,0.257972164974022,3.47603467089075e-06,-0.861955838239186,-0.717575839629347,0.125595217325827,0.0398993731791049,0.476832608744544,5,6
18.2463065701591,55.1636057639591,14.1186223282261,280,2.59450125008744,641,4.4288396065116,645,0.349048978507503,0.907122196226231,-0.180421981232885,0.654854265238462,-0.489388569489317,0.844662930199843,0.693404123451281,0.212680469846194,273,0.750056063938363,5,0.0290338007008766,0.000100007526200346,0.706090793627694,0.241683576662865,0.246459842697575,0.204958296836999,0.40847781549411,0.544513598689345,0.600623473128584,0.151952254168007,0.450169946050538,-357.506422221346,1,7,0.313489090219383,2.19926526546516e-06,-0.0695912090669502,-3.07918368968758,0.207825430540937,0.102926360302458,0.677909227371305,4,1
22.008300388813,67.9271400478748,21.7761484785107,563,3.27084393347895,551,6.49967975224558,547,0.554110463568876,1.13902264492324,-0.250392759150162,0.215596674148856,-0.559121596734887,0.389373480731292,0.503137119295169,0.307835149708709,221,0.846094575419978,9,0.196943395316722,0.000100003833813522,0.881038491710509,0.53386872967226,0.00312127420233971,0.333649225762199,0.296858700296209,0.640012055553002,0.284695912699487,0.430990657410048,4.83506379426647,-349.381970330794,1,7,0.505999164694779,2.02779304126419e-06,11.6725536740363,-0.435216450267383,0.12404237215446,0.0551601861343202,0.297707694836496,5,2
18.2194204697647,30.6683985977515,24.3672550610584,563,3.23708210125497,559,4.51110462368887,553,0.217882968227127,0.351500167958014,-0.328590980701423,0.508499338658391,-0.541072009461987,0.674053473783601,0.487477803895261,0.152078179143792,332,0.864544858203656,6,0.0118033904463058,0.000129792504584937,0.636460349672699,0.601061676092981,0.0808522397744137,0.0675802520725121,0.381118294385027,0.739555520894011,0.457546005415658,0.177415938762173,0.581354847938303,-563.321042073568,1,7,0.231190784780116,4.50509986238965e-06,2.39930747091926,0.199420433107172,0.0644033393649208,0.0334802173508803,0.470147177560248,4,6
23.4120845980727,78.7724070555454,29.8375118270844,105,2.485929660754,276,7.46706695944107,96,0.194560496923785,0.244591978778529,-0.363444456475964,0.372159030946453,-0.568393471676251,0.526933121305257,0.41238563902358,0.0381517155542727,344,0.914645596209713,6,0.0130202129611205,0.000100005623955382,0.631364069164886,1.10796854684795,0.016213890285853,0.0517164588577295,0.385748406354428,0.793926000315402,0.391535791276098,0.180458818846899,0.696242759282364,-603.16158579144,1,7,0.263076259864974,5.76172528351317e-06,-3.02448097314021,-1.85869838796152,-0.0524276549234544,0.0317097595004919,0.406542208560096,5,6
21.7804030427435,66.8786982881672,14.340288192633,281,2.26191237940037,641,3.57256569449599,278,0.261558423777041,0.72584747720175,-0.242529563438671,0.657657877715886,-0.485490594011792,0.707454485414894,0.673945474989644,0.144372390739269,293,0.750661809152043,4,0.00943199294961014,0.00943173364520442,0.647002517958215,0.296200589210285,0.0929524246224483,0.13443191066297,0.476632794772615,0.660049561284187,0.585317885717936,0.148741824531634,0.886349471494584,-453.522518784899,1,7,0.324163830858215,2.12633757097639e-06,2.2722369425227,-0.361630390997443,-0.0647969771433176,0.0390235569753437,0.651831525556855,4,6
13.8708803673903,42.5457597985726,21.8908552028636,22,2.24689091256517,18,3.71593701368481,7,0.45892104332497,1.45504453452712,-0.404187661537525,0.485385579647055,-0.596380237111814,0.65738419203696,0.593490930577502,0.159937902507133,271,0.81437215080045,6,0.154674527092566,0.000100005085913047,0.804942038198418,0.283764483463919,0.368621411265178,0.316883563189344,0.391983614412325,0.840876262848079,0.432550530595116,0.469949940196711,0.807671215402217,-521.050807957281,1,7,0.564347244352178,2.12954090945999e-06,-3.31522413613948,-0.943806404311962,0.0995527624484066,0.0207024731408502,0.388069181926669,4,6
20.6838993587496,62.8453550783645,16.7878271880972,281,2.24449734609928,641,4.44906931718415,643,0.166942437846934,0.556225377103226,-0.349395061766504,0.619746338434391,-0.587417524098847,0.937830060648614,0.639987739029387,0.221570175614618,322,0.788932558042492,5,0.0197848133157529,0.000100000077229176,0.578984680371989,0.340087731595424,0.582120818613115,0.075300451210216,0.394614707216807,0.708713118856718,0.610432927990727,0.123352968044829,0.522002656413739,-513.172866728379,1,7,0.204424307993508,2.37928480297826e-06,-2.31943203110144,0.420904369994131,0.035615962122316,0.0295742237798865,0.614502011370744,5,6
14.4543537419942,27.0987074451464,40.7922011222182,646,3.57795173782806,558,6.44789367320993,547,0.534865703157294,0.855995504163713,-0.0173074982353232,0.536138666345848,-0.384459760130298,0.417852154376969,0.537340207681663,0.366369208767986,245,0.803240658777318,5,0.026843505993738,0.000100013577650038,0.913224717559713,0.674930379249146,0.029976252337935,0.373375308030929,0.411861520235639,0.510325590573972,0.27898528817949,0.256978167110857,3.93838876951193,-270.91556794139,1,7,0.408980453021407,2.21507706838499e-06,7.23323293877946,0.777429889341975,0.270310875194216,0.10699729343459,0.537876773873018,4,1
13.7924601060003,26.6594944269794,20.6053404806657,556,3.17067298854064,551,5.58770534322067,546,0.445783557346671,0.810046659157117,-0.0859159849462584,0.493761135047676,-0.416424607307231,0.442577064603979,0.563828840997638,0.197680281207157,266,0.788608325815422,5,0.0153103419498671,0.000802291047626371,0.803594724555517,0.442118608864526,0.0795855802874453,0.282595701872149,0.422827324696065,0.548034837094785,0.356817384443005,0.19974148065827,0.830863821219978,-318.712418615971,1,7,0.301189718154636,2.66673885068934e-06,-1.79344372063942,4.48483077106198,0.26106684051852,0.0764271166073434,0.568122775426141,4,6
19.401751877573,50.5078346405889,13.4208977918441,277,2.36615837369625,274,2.98084366403623,622,0.402035276721352,0.959201838363117,-0.33285864155829,0.74673191424191,-0.53020687058482,0.84379714441701,0.619635707078148,0.251475225684237,248,0.843337612496818,6,0.163646421090794,0.000100004362957161,0.790106380013609,0.246884959032529,1.1884157449964,0.234612815122456,0.40122116929639,0.798537615418032,0.520453970797939,0.382146732204516,1.20193319114012,-539.941639655407,1,7,0.565222793667032,9.71462006922558e-07,6.03788878633694,-0.257849186741903,0.0625339453832706,0.0347694849488033,0.527197221982603,4,6
22.1434047334389,121.422220318114,39.401087403024,281,2.99140612889214,276,5.12143426385886,278,0.29012859334685,0.68291062394584,-0.283198641339926,0.626780035810179,-0.552874804138748,0.896254481533303,0.672528012948734,0.31184648819257,272,0.769354894351452,4,0.0691245895187265,0.000100001792118093,0.684414860222793,0.247872511088231,0.260182407647431,0.109727403465097,0.395838737445765,0.630322687824039,0.614127786503148,0.180548916654902,0.127876780363231,-459.75096068496,1,7,0.405695984483559,2.22567518725796e-06,0.215509911141268,-0.694061556526386,0.0156445234087546,0.026129783204162,0.688461512369727,5,6
7.93564453761322,11.0422294838746,14.3591085199021,607,1.77862180440739,402,4.67051456021945,604,0.570318226058109,1.86633631738027,-0.36975024487644,0.252119733126049,-0.602611874601962,0.454263807744375,0.548145401057732,0.114838596178535,193,0.787689534344325,8,0.173582758031447,0.000100005132726314,0.860256992205484,0.458123455727898,0.406881445209742,0.404284245357618,0.320037253695723,0.776739420949678,0.299492332947905,0.539151007648973,0.505113590031621,-376.898945909984,1,7,0.590794086080393,4.17742723995312e-06,0.258227864617853,-0.642484610031942,0.0973009667470226,0.0273262815504494,0.254720918592462,4,1
23.3212046801734,144.883489341977,10.7377902221195,281,1.98395530773498,276,3.28553607623992,238,0.27583638287865,0.930168309001599,-0.167318885169275,0.639411757890978,-0.437820259435336,0.650734955184532,0.665082294499106,0.183634139106342,327,0.75048092489469,4,0.00107521048084861,0.00107517200054304,0.605430216997749,0.321465941242397,0.0293500397277398,0.260179463918597,0.504088174595993,0.615112415924893,0.523226029941475,0.0983515429277887,2.5499696165111,-356.042291075619,1,7,0.18989976991795,1.94720229468847e-06,3.68373387780909,-0.770166800337973,0.00193192270556781,0.027237518242559,0.66075868103627,4,6
16.1470452439878,42.3601333243467,12.1722254583788,281,2.15045958792552,641,4.64448695543229,48,0.334679428835563,0.870761908844319,-0.120359182044649,0.433438699999477,-0.437789639189825,0.452620381651044,0.552232855960084,0.0450664626509503,276,0.798876682441764,5,0.000100055040494086,0.000100000900234146,0.646403092035981,0.363312315009581,0.183050474975819,0.297553684542008,0.413424265326486,0.550025750644621,0.39093236304769,0.0872318810093197,0.229308661978268,-311.264914251286,1,7,0.11101085582878,3.81255775099006e-06,0.966871530247037,-0.591644823704931,0.147574951469433,0.0662450954403262,0.529598876928086,5,1
19.4183462672895,81.6929778463598,13.8616018590653,404,2.81928351361982,276,4.92866394761388,271,0.23657084832164,0.53512269047606,-0.317777589283114,0.555508974773626,-0.561178077099116,0.778357086684316,0.616328194934764,0.216727533203951,300,0.816085987733776,5,0.0433480245215856,0.000100006412385735,0.647098958327521,0.350150661955801,0.0278560404833908,0.0750641340779847,0.389591178358409,0.685986535984772,0.57536803875949,0.175541288422767,0.237547594053895,-511.781404802748,1,7,0.320977305777027,2.48826989896539e-06,0.543312119525605,-0.451220035117533,0.0437342193208766,0.0234380429656367,0.61830129572071,5,6
16.7288993509909,54.3320372794802,29.2188732300039,646,3.11121692975392,641,5.94331961627058,643,0.208537600676575,0.502702326776391,-0.348618866513868,0.801589052011195,-0.573882305950588,1.14370134192919,0.633936847133751,0.252740517334874,296,0.793749209109242,5,0.000153107188480775,0.000151203160485674,0.629742473086641,0.334397023419461,0.130236086526568,0.0622568235150144,0.366427089496396,0.728608580939918,0.624735333047178,0.177549707680672,0.440248851125758,-543.737325780535,1,7,0.376832587038611,1.89724282002029e-06,2.21349145720676,-1.56264659178226,0.0838868396335704,0.0531281101360835,0.663969560764669,5,6
17.3556147529743,46.2611643375121,13.647143405742,281,1.81995455089669,276,5.44568272973838,554,0.258524823536508,0.595985693247548,-0.264000566373859,0.550130624289466,-0.515115853508672,0.653727447723335,0.607637980017067,0.0759103273983841,288,0.82114383786241,5,0.0242204420774528,0.00024714889265206,0.643957320714026,0.458390377923866,0.118092501672732,0.119912817626613,0.423015022484276,0.657820156739468,0.530932728173371,0.155768523345868,0.575080839998093,-458.007350244219,1,7,0.261884981683585,3.70326621720566e-06,-0.836817768989908,-2.81517392828875,0.0456769648793899,0.0426189591900226,0.572434724740982,4,6
26.5721044774102,143.070386574141,16.6366390820205,281,2.17743171344389,641,4.02394339416894,594,0.379397480730928,1.53009642344887,-0.0196929185576021,0.776156157584472,-0.355125312202731,0.606061095344067,0.725436607593256,0.118089771605506,302,0.609660573219085,5,0.000373002843977804,0.000372921304390148,0.6681807898217,0.278342482362186,0.213462268100489,0.491565100059335,0.568382092501006,0.524012955663582,0.499511080610255,0.069136605431672,1.24795985304948,-237.22370904722,1,7,0.237750502261935,1.53183255615562e-06,2.18853282631524,-0.45868822690484,0.0747935869716991,0.0817959072093249,0.758993957374752,4,1
23.1891806338891,116.595472359721,15.3746778244835,382,2.26669414250524,756,3.2268922983474,521,0.686622688778669,2.37038176865042,-0.29414533129798,0.193876557256904,-0.585135906140451,0.450622188363115,0.544053245212231,0.306926667350615,179,0.795553030281396,6,0.387885412910513,0.000100173509988071,0.95868450102625,0.269527037887321,0.193936121552254,0.530045983717035,0.228308148440035,0.679956449800562,0.212312424060339,0.601338048564268,0.48404559500947,-239.154845636842,1,7,0.64483807306008,2.20715881068672e-06,-0.345446490128595,0.981638082180364,0.257279420165547,0.0885708408411381,0.220449702401381,5,1
15.2926150588023,46.1498990012901,17.9054634838473,375,1.85039950768787,276,8.44705793872803,371,0.335885214442099,1.1399617280622,-0.0971595231442974,0.579094983780387,-0.410349992193143,0.508589711168845,0.63078786860387,0.0431281580756649,270,0.697121239101226,5,0.000100022049314099,0.000100001393767851,0.628146357381603,0.750494743755261,0.03047840627745,0.379773348739556,0.514374319065583,0.579572152383839,0.407391804311384,0.0841801062377867,0.37063007020475,-285.218148316474,1,7,0.132994213392549,3.68768033531108e-06,1.68249927561447,0.764444823054109,0.078747647399675,0.0214074564773461,0.647532009724082,4,6
