mean,var,max_kl_shift,time_kl_shift,max_level_shift,time_level_shift,max_var_shift,time_var_shift,x_acf1,x_acf10,diff1_acf1,diff1_acf10,diff2_acf1,diff2_acf10,ARCH.LM,crossing_points,entropy,flat_spots,alpha,beta,hurst,lumpiness,nonlinearity,x_pacf5,diff1x_pacf5,diff2x_pacf5,stability,unitroot_kpss,unitroot_pp,nperiods,seasonal_period,trend,spike,linearity,curvature,e_acf1,e_acf10
13.5734750761035,310.153612469365,171.884913690792,9410,2.65428004577717,9402,1.85899495224145,9397,0.982784009878885,7.93229392007061,0.07474941758826,0.0152989192096971,-0.441771912644482,0.205679929243796,0.910429630458086,814,0.694297897552007,110,0.999899681265185,0.0423382349161845,0.999954177318763,0,0.0610923316972924,0.976906389427366,0.0105955411324696,0.463848083627611,0,2.75695359008337,-1460.24161615653,0,1,0.0322560944958037,3.05003728361459e-10,-9.87229864657813,-35.210658349567,0.982218110374094,7.86992188804063
5.98902587519026,74.8620152614169,71.41597543371,10857,2.25085080545325,24982,1.09469364317873,45716,0.993500470524506,8.3601009827422,0.488299041973415,0.425919352081913,-0.18965779306193,0.120312986265893,0.97431704401451,754,0.695154510582582,124,0.999899973339763,0.511857032060912,0.999954177318763,0,0.0211232305361642,1.25702108368093,0.267588610153222,0.237718536929392,0,1.3377305045601,-1432.59552609678,0,1,0.0163004113831209,6.31052817770129e-10,-7.46395378519262,-23.5203935536924,0.99339813723774,8.33538898811867
5.68302701674277,71.3686003044509,93.4914283348311,31899,2.19105272811524,31891,1.1475868423548,32018,0.99421199309115,8.40460392499685,0.532952121252599,0.537965383229715,-0.170824126095849,0.108371155521665,0.979406956770704,754,0.696928605610736,246,0.999899990856096,0.611826910110212,0.999954177318763,0,0.0114512549352499,1.30274312832186,0.312796884480923,0.211741787552812,0,2.01511252808446,-1395.52958800714,0,1,0.0234263604251203,7.02149621045638e-10,-6.92197240259614,-29.7224045615728,0.994079006287193,8.36957077607238
6.01460235920852,78.1647555640197,85.9860791773609,15921,2.27856690229697,16745,1.06442687713035,41369,0.994351715786354,8.42857909497976,0.522796138412795,0.554264851901829,-0.186254389555089,0.114691354477484,0.979323497596555,746,0.696808163823014,141,0.999899958822367,0.556693692526729,0.999954177318763,0,0.0104915504415982,1.29556001318099,0.303962707214622,0.222579389794561,0,1.6465643152805,-1408.26934987057,0,1,0.0222335368591386,6.56621625404358e-10,-4.70862288353362,-29.246967867982,0.994229568054466,8.39595675445525
11.532875761035,229.482001556893,128.051531231619,31490,2.40087188807849,18762,1.56169836516707,31049,0.983090536930756,7.94704963004818,0.0617177413347532,0.0135875417145958,-0.456781754527429,0.217310157835872,0.912957951677542,806,0.694276702544251,121,0.999899479849535,0.0457506208428298,0.999954177318763,0,0.0605357710897461,0.97663426023808,0.0088550380454248,0.472947489970122,0,2.89409902661556,-1452.64363802327,0,1,0.0334764963654676,3.22218768745255e-10,-10.626017187676,-35.2285815417694,0.982512762981958,7.88265281012405
16.024699391172,557.771515729949,96.6553541526108,7838,2.43826668743304,8974,2.38563011959546,5251,0.98743298879031,8.22524521671588,0.107984742390244,0.0570994066258259,-0.434325684577033,0.201244080825328,0.942172121739006,752,0.702723510962277,129,0.999899265937384,0.0674527376191669,0.999954177318763,0,0.0681371477559957,0.997351945372679,0.022079291965045,0.467730556041088,0,0.728989236930306,-1495.87978939683,0,1,0.0109039555183624,6.96040909923018e-10,-4.38063027254086,-19.37035487228,0.987299656271981,8.20764595985909
5.48645357686454,61.65005964624,52.5322120105273,16508,2.14920098504783,45550,1.04904151907283,33913,0.994046064662743,8.39727947816143,0.515301707019364,0.511523323406061,-0.189094972135848,0.10454507108493,0.976397974233893,742,0.692242949535402,126,0.9998999710563,0.595080641979561,0.999954177318763,0,0.0163780346440575,1.27949014572415,0.28971056942135,0.219776751389526,0,1.48106398428877,-1428.98439598089,0,1,0.0172978599105313,5.95514160705339e-10,-7.25807715735409,-23.3095995931512,0.993946950260581,8.37164703163725
5.40142218417047,63.9186632392499,72.5390488243889,28160,2.45718689971177,9407,1.27454862658045,19380,0.993589049318369,8.36148846277922,0.4873984235011,0.426572322022904,-0.210459570077758,0.109212115513064,0.974617823836659,760,0.699258944265862,129,0.999899947452122,0.506752332829711,0.999954177318763,0,0.0207226117962811,1.24842111275487,0.258924875715131,0.227114134641049,0,1.49491129572408,-1417.38982854135,0,1,0.0199751574475009,7.06555259446775e-10,-4.26304364257735,-28.1796181482447,0.993464552260353,8.33106935969622
6.02315829528158,78.2983169718409,74.8304340977966,38956,2.51451251697515,10415,1.23644242756748,10409,0.994360668306071,8.40142232157078,0.535711152971086,0.576739091032772,-0.182587078492402,0.111031095049231,0.978466283082587,756,0.696536235168438,256,0.999899838275867,0.615980546489983,0.999954177318763,0,0.0122378528728311,1.30715004637711,0.315674170363216,0.212653942472858,0,1.50365126182232,-1415.6920733307,0,1,0.0208147941512712,6.54264849838838e-10,-3.6205969756581,-27.9053880982275,0.99424723839477,8.37049914149358
5.64922279299848,70.8253097614318,104.449771866809,17783,2.43352443299285,25133,1.16135939491055,11004,0.994054194254478,8.37964259409917,0.522218000517392,0.512770262941675,-0.189145577539397,0.104051820661528,0.978370213197013,746,0.699680244857807,123,0.999899915308397,0.577856734922367,0.999954177318763,0,0.0131659380483379,1.28655647549577,0.296129863653756,0.211960677299273,0,1.98563260280239,-1405.6864607688,0,1,0.0245750888486818,7.02111887699831e-10,-5.12731002602214,-30.5935649253611,0.993910313824795,8.34228382070041
5.57958523592085,68.9340815076037,98.8666617702709,8709,2.26012038335633,16169,1.01332233514621,25124,0.994220492163984,8.40242533355249,0.528670563939105,0.535343983371998,-0.179292293166079,0.109312825319227,0.978695247220021,752,0.69835317039579,131,0.999899839720331,0.590975170206892,0.999954177318763,0,0.011774465094355,1.2984931359621,0.307660773031047,0.211075491210277,0,2.04946931088572,-1405.01925945242,0,1,0.0257280726363692,6.81886697909013e-10,-4.99366657033355,-31.7099956357758,0.994073745976355,8.36375570156239
3.27140696347032,22.3795570968826,175.286181906962,33488,2.2491368662892,33480,1.43250278095287,33485,0.986707802253072,8.21961387743749,0.0504095967747495,0.0404531280505631,-0.477690471147439,0.231965355930681,0.937591320876378,822,0.701847943254523,124,0.966570253517474,0.0624364388832869,0.999954177318763,0,0.0663837346618636,0.989493640352191,0.015778232012172,0.512769839988409,0,0.765936333853333,-1504.20032975775,0,1,0.00980339526516183,6.3175954768726e-10,-6.10250423796929,-16.8010302479032,0.98658105069397,8.20379887609309
6.0631697108067,79.2220485345265,83.6793371588421,30166,2.31443072567743,9551,1.06660928094274,46584,0.99409288748903,8.39091745773748,0.530063720863551,0.527110936271088,-0.159915326425944,0.111063634466198,0.977379163989946,738,0.698209073072843,129,0.999899946498455,0.615413727355965,0.999954177318763,0,0.0161486214229509,1.30360588319698,0.313981732021036,0.221156562355436,0,1.48746319841143,-1423.46097123674,0,1,0.0195022842390553,6.57637278741984e-10,-4.59236580198908,-26.8465823418676,0.993981628165899,8.36181038117704
5.69597888127854,71.9708185588873,83.3077904035738,40097,2.50779104754966,40088,1.45750082989468,40093,0.994119778103828,8.3973814379587,0.522422751950602,0.518210817752093,-0.186353956648709,0.104547363090415,0.97801004260407,750,0.696484249559024,134,0.999899386198343,0.581042572262214,0.999954177318763,0,0.0108718967720158,1.28611956495895,0.29784188666512,0.21679841604899,0,1.98908839593824,-1401.79382998261,0,1,0.024936414644225,7.02567832319559e-10,-4.63700976145975,-31.0261074596457,0.99397472619728,8.35977613779032
6.28049467275495,87.4759715393844,137.796842285372,36206,2.51527367099109,44110,2.30268440590986,6397,0.984745515992691,8.12796363641408,0.0364452430869942,0.0291445864065473,-0.47519314700479,0.230407219051308,0.93443142467801,816,0.708363543949519,136,0.971267516793357,0.0513985734983562,0.999954177318763,0,0.0814111948935843,0.977887956772887,0.0070095652847935,0.506883407503037,0,0.628111368360549,-1541.101454923,0,1,0.010796098843209,7.28709754490583e-10,-2.67699740900277,-18.2418966718622,0.984584377440851,8.10965749805649
3.84066114916286,25.4616575377208,126.90402425182,19670,2.59019375120819,16743,1.5971902477623,16738,0.982461390570817,7.95329263626384,0.0360902843843887,0.0109801928792662,-0.47282458521149,0.226566537545338,0.908940795081595,910,0.693888058206253,119,0.999597069319101,0.0331265793886825,0.999954177318763,0,0.0601630414022058,0.971912217847744,0.00550725765489005,0.493972904635851,0,2.64557826956659,-1465.83877388598,0,1,0.0309653843167721,3.25400143255817e-10,-10.4910639373901,-33.4401188180954,0.981908534330592,7.89404450935269
6.02838850837138,78.6258215815876,90.8889233398432,4965,2.26172640358189,30318,1.31329028683827,28734,0.994126087491192,8.40297740722089,0.522785029604865,0.52556888516524,-0.180402778490746,0.110779001407593,0.976988197909795,738,0.696113514320719,237,0.999899868346649,0.581746315327164,0.999954177318763,0,0.0147218012747084,1.29101391233027,0.302347142944607,0.215462579215212,0,1.58884508068245,-1413.31373400955,0,1,0.02115811357006,6.63682741319687e-10,-4.16101225279534,-28.3932563942635,0.99400547207324,8.37150119103258
5.96813736681887,77.633147693986,90.016696614358,19659,2.28522010514508,9550,1.14467892153575,19657,0.993938990699595,8.36665523002916,0.523216263213454,0.509654624040528,-0.179746400844552,0.107819937894139,0.977155239344384,752,0.697511752066943,127,0.999899912376059,0.591369286550235,0.999954177318763,0,0.0145816943152824,1.28934505917112,0.298355388060998,0.210259575701097,0,1.60178895473295,-1429.59948005092,0,1,0.0205686307410192,6.76236121844109e-10,-5.03704835827597,-28.4774860106917,0.993817944962789,8.33541495576865
5.61751426940639,70.4835287912498,172.180934866915,40097,2.61510795549348,40088,1.80895060745101,40093,0.99399570696716,8.3759698769669,0.524991040721526,0.496991026723743,-0.176081748497838,0.110094212217352,0.979028065645468,752,0.700353667812151,130,0.999899938780966,0.592719093538031,0.999954177318763,0,0.0112325469533091,1.29496364008109,0.301630569631379,0.210629098063501,0,1.89390651120568,-1405.66607897423,0,1,0.0241824573809325,7.18355685722696e-10,-4.43676939419564,-31.4065149136244,0.993853032661838,8.33916942107684
5.66767694063927,71.2072137284662,148.291415299248,14031,2.35351650258701,16457,1.66497332086617,5954,0.994116262610951,8.38227184639374,0.53625654810405,0.525830393421694,-0.175639410016773,0.10454183901538,0.978654479120697,752,0.697830671613415,134,0.999899548161717,0.622110739327522,0.999954177318763,0,0.0117146379561472,1.30274658053099,0.310486525843433,0.199177782382647,0,1.88992452827609,-1403.31678807753,0,1,0.0242346559125943,7.03048618861902e-10,-4.40280421086096,-31.4087393909615,0.993976195991108,8.34551162960476
6.01900399543379,78.3708989965403,94.1806805691605,6543,2.38570367498762,9839,1.2297999514084,16471,0.994492724139864,8.41786646243705,0.537441933932796,0.602923753189595,-0.200070826050551,0.105385956189543,0.979935419806437,746,0.697549363310232,128,0.999798306495114,0.618913904085028,0.999954177318763,0,0.0102943987221792,1.3037814608646,0.31140365008001,0.200180548579695,0,1.5812848224175,-1410.55984126185,0,1,0.0211298243421651,6.55675169430703e-10,-5.34835695214815,-29.123466854957,0.994380166708583,8.38672845916224
5.99296803652968,77.8784915235507,88.2885694774474,4970,2.43346109361276,43966,1.37496778085751,10705,0.994189955335641,8.38209228085832,0.534537982426392,0.559202241016974,-0.173007089951145,0.113920433112278,0.977873845897962,748,0.69764750086373,154,0.999899925709692,0.604550769061161,0.999954177318763,0,0.0147644992813533,1.30708610391208,0.317100522807528,0.214679223687193,0,1.48199176208426,-1421.65609176195,0,1,0.0195106323648605,6.78906807062203e-10,-4.70181389316208,-27.4163981261394,0.994080497108657,8.35279683957013
7.52189117199391,97.8046680305467,116.697123351839,5276,2.43386395316206,9405,1.48547442835711,19651,0.982532895674465,7.95331731936637,0.0641748912897119,0.0156496441035654,-0.443201496724368,0.207061950112813,0.91242289544095,870,0.695218572492381,133,0.999899714098118,0.0387235677358121,0.999954177318763,0,0.0757942396355112,0.976380674758034,0.00913475414150639,0.470344675409187,0,2.63530723303607,-1455.53814354883,0,1,0.0333186495862856,3.41915738992289e-10,-7.38824020621941,-37.2218564159598,0.981939055774677,7.88939671938738
13.0228386605784,362.193020975891,134.737492035374,35516,2.49220111387487,5961,1.37801538585907,5966,0.987725473425662,8.23647937939954,0.0942704242018035,0.0601056343534937,-0.451891978519574,0.212077560314052,0.940480666587803,778,0.700663683037699,121,0.999895590547199,0.0703975972307544,0.999954177318763,0,0.0614580093347308,1.00015477550547,0.024143512716536,0.4823734108419,0,0.749107438882642,-1496.89919291957,0,1,0.0107056751017701,6.60534753065337e-10,-5.92179848022947,-19.0851794584322,0.98759739619823,8.21927984119931
6.00214136225266,78.6755374244122,84.8441277065844,6698,2.50960459512743,10414,1.33261244132878,10409,0.99413450973606,8.38529202222502,0.52963665137769,0.532166809706584,-0.1860764338521,0.10303255326876,0.979265192509627,762,0.698148491572888,237,0.999899917190128,0.598365884290386,0.999954177318763,0,0.0150053004000967,1.29387761183877,0.302490115288031,0.206389051123513,0,1.62976429147397,-1418.12273998804,0,1,0.0209047249135464,6.73968888677973e-10,-5.16633477819634,-29.1172445962359,0.994015454182658,8.3538662001523
4.98103215372907,55.0460716053513,121.823301280972,6842,2.37758151415621,9839,1.14430206364099,9834,0.994171628797541,8.39759480194548,0.535912030413942,0.531616005780685,-0.168502840041977,0.102205661570043,0.978922871928117,764,0.69843294179196,254,0.999899732617931,0.62837677734759,0.999954177318763,0,0.0108249017632383,1.30291768738666,0.313560467575981,0.205567218649149,0,1.97108893741576,-1400.20673163447,0,1,0.0239379152031511,6.90848719040443e-10,-5.68214129477688,-30.0999407861443,0.994034209613059,8.36158033936297
5.62729642313546,69.6322851047723,78.6407274259495,14601,2.2960967347395,16169,1.17048514827456,15884,0.994087822527052,8.39873873294398,0.524166610354444,0.521493628836509,-0.171159071107034,0.111566234956948,0.976592090325706,760,0.697603067658571,237,0.999899987365211,0.591132652430121,0.999954177318763,0,0.0150560683062916,1.29495512194945,0.305602012873408,0.21676097074404,0,1.85833682611886,-1407.64237615721,0,1,0.0240325829811395,6.91454765047364e-10,-4.61778946965621,-31.5697906124568,0.993948543855473,8.36267556490852
6.05191685692542,76.4982893391553,81.9162705616947,39674,2.16490801196575,19481,1.00954181968476,43670,0.993923823917892,8.3980014853808,0.494149051629948,0.483650856536266,-0.204261917880263,0.119221366446207,0.975773944496775,748,0.6933281963338,119,0.999899999667077,0.503816942544085,0.999954177318763,0,0.0175773725266319,1.26315674059905,0.270517980054247,0.231495552905161,0,1.43591601294175,-1425.17183412669,0,1,0.0166004987277633,6.30280589947853e-10,-8.62308879997991,-23.4734584607145,0.993826138158861,8.37333396708613
12.968904109589,357.428591523368,150.637229627551,1802,2.29083357098756,44110,1.85247064147898,1800,0.985777051566632,8.17160695125373,0.0638062036329788,0.0392373904556531,-0.450871788300176,0.216343661087196,0.936737910857038,796,0.703141293512156,123,0.998404652371198,0.0524401354961821,0.999954177318763,0,0.0791583701163509,0.985141147246473,0.0141679723214994,0.495870493225833,0,0.957107490552422,-1524.63585570482,0,1,0.0108386982938264,6.66174328583173e-10,-8.53881566423044,-16.3319850277258,0.985625321549366,8.15348125908777
5.64496289954338,71.3034444895766,105.40070422701,40101,2.54140840920588,10415,1.2918668405847,10409,0.993988783154775,8.38682058317959,0.518877747030308,0.50358620382023,-0.181977869554852,0.110001378337744,0.977409378763119,738,0.699047487256986,135,0.999899954631149,0.578011572158897,0.999954177318763,0,0.0141441835053001,1.28526751104467,0.29541993750228,0.216279615706403,0,1.88554562771782,-1411.34239970705,0,1,0.024444911991825,7.20898039607964e-10,-4.27849954359404,-31.3130950748569,0.99384429158852,8.34983784096559
5.69812785388128,56.2717337807192,127.689583210672,18212,2.39153802539304,9548,1.56026825727703,32149,0.982723480332523,7.95385951528717,0.0443275466776453,0.013779756575894,-0.46648848897486,0.223087028312302,0.911800069070426,880,0.695358724708311,134,0.999437011063772,0.038253850881754,0.999954177318763,0,0.062909206347831,0.97514141274951,0.00726746205452082,0.488124955439406,0,2.7618885087831,-1461.9981679796,0,1,0.0341739846965279,3.38803032408437e-10,-9.60438415267753,-36.0738368789902,0.982120450010787,7.88829899558302
11.4238869863014,274.553250440242,95.7373893683983,30908,2.64670672270051,42531,1.60365571408421,25105,0.986449747054442,8.17267985115466,0.0802449865714672,0.0433828107791491,-0.448195436031029,0.212537302817321,0.935917996382381,772,0.701849007054218,122,0.999898629987157,0.0617674082400813,0.999954177318763,0,0.0756410862029749,0.99058393938379,0.0188606135167537,0.485552357893638,0,0.622542261801748,-1523.10683429397,0,1,0.00877564826424371,6.42897358253126e-10,-6.61735186487642,-14.6394206865978,0.986333676559068,8.15811679576222
6.0268702435312,77.9685346211888,94.40914421562,5972,2.50566838521005,5964,1.56336748939099,5959,0.99431913924594,8.40379567525641,0.53357840131993,0.572892728038231,-0.185407645651142,0.106115549695506,0.979029440470215,758,0.696830237893765,138,0.999885909611544,0.584045828066801,0.999954177318763,0,0.0138714170139397,1.3008305708634,0.312072724631556,0.207681638069832,0,1.43913586291728,-1419.42625018891,0,1,0.0193999696920499,6.5082692638006e-10,-4.29693873353782,-26.7147888348796,0.994212829854973,8.37505150103651
5.39143550228311,62.9582129072348,60.5100729995173,28154,2.38511702389031,43966,1.37068693686004,11580,0.994160641695059,8.399380930825,0.527906109781089,0.536635337340007,-0.179666819045368,0.104896619347962,0.978774697920026,746,0.697929939723905,237,0.999899802608764,0.597208985510125,0.999954177318763,0,0.013207273232408,1.29439733639167,0.30383752985902,0.210739352042156,0,1.47915052021044,-1416.81580379089,0,1,0.0201535689652376,6.64963465114847e-10,-4.47226779001637,-27.3185866845482,0.994046925436759,8.36940768581774
5.29691780821918,61.7135577291222,89.7625265306186,6693,2.33712738891078,9839,1.15120570931652,9833,0.994128111381367,8.37198958054298,0.545868214181625,0.549024917050064,-0.154033903917722,0.111690940024586,0.979093297193295,758,0.700727536779707,139,0.999899852571363,0.656181616775227,0.999954177318763,0,0.0113943037372548,1.32027970801523,0.328703928670428,0.202448794864716,0,1.77909157758197,-1416.26747186191,0,1,0.0225723741602823,6.95245831909796e-10,-4.82335026437584,-30.7188699981195,0.993998484132251,8.33764224604084
4.89772926179604,50.7263554574363,112.505314202935,44412,2.50131850672995,44253,1.32878602482649,44104,0.98713932645734,8.23080677386991,0.0519110400813444,0.0488829457717,-0.478605496512976,0.233394114232184,0.939936895857491,784,0.701681761902884,115,0.958102164532699,0.0678726391082768,0.999954177318763,0,0.0625491244500197,0.994266309639298,0.0201328628008402,0.515655609264687,0,0.77004506326553,-1509.31539542626,0,1,0.00972834718108517,6.51714744436121e-10,-5.86745864437018,-15.9282768627883,0.987017506975275,8.21520106708934
5.98287576103501,77.8578532664001,67.3410214294009,15640,2.51254865553257,10415,1.26025394420952,10409,0.994146225321188,8.38703336209479,0.52463812969124,0.538336710742943,-0.183990620491494,0.111561111471401,0.977961143570076,758,0.697361114675043,238,0.999899947680769,0.575264444507979,0.999954177318763,0,0.0154525694254553,1.29400387581588,0.305421404433759,0.217634674553917,0,1.60533901077727,-1415.94827923986,0,1,0.0215225583155955,6.76184156679114e-10,-3.76885853096655,-28.5581967660666,0.994023857943246,8.35472175823721
4.30685597412481,39.9216605519459,65.5999719131423,21386,2.45949937012425,44110,1.2273621050802,44105,0.993791501146884,8.36608392377395,0.50557899662812,0.471231381856822,-0.187877626476678,0.110082175586569,0.976643692102803,762,0.69759837915612,127,0.999899937500021,0.546992946324471,0.999954177318763,0,0.0155790210937063,1.27249643581554,0.28267982706374,0.226894001294349,0,1.38839313342211,-1422.35541325663,0,1,0.0193854856318563,6.68597329332542e-10,-3.28867334013853,-26.4661765104542,0.993674976533839,8.33672511536895
5.945,76.335480431515,86.3350971956557,4960,2.52832264379641,10558,1.31227567938497,4947,0.993664085296701,8.35550185616953,0.504590146142937,0.452733284620749,-0.178777876587965,0.116740875655645,0.974728137944921,758,0.699092889574444,245,0.999899963758097,0.551471893380394,0.999954177318763,0,0.0183483407972783,1.27476872154254,0.283908641254413,0.224224132918717,0,1.40598443903466,-1426.68999192318,0,1,0.0194562705352461,6.76674214460457e-10,-4.21312201261834,-26.4218587296045,0.993544577991225,8.32583097201263
5.64712804414003,70.8560547000183,108.234099281152,11584,2.59218660911831,10414,1.39454717778812,10409,0.993879748940697,8.37586233061697,0.513208963879836,0.479753377734903,-0.182001625496021,0.115233304392616,0.976193377042328,758,0.698436615825713,134,0.999899917699493,0.576307900537938,0.999954177318763,0,0.0144730022215896,1.28283037009343,0.293516591995463,0.218996844300387,0,1.8559161806019,-1414.22943882042,0,1,0.0245000425481183,7.09732151403971e-10,-3.50404053039055,-30.94771621428,0.993732260510166,8.33856726961545
14.4705764840183,454.581961253687,182.983230017714,43982,2.59463380673302,43974,1.58675498793474,43979,0.987145798003922,8.19458856016381,0.105411155059678,0.0504396061490115,-0.434168328532614,0.201901239362205,0.941710496165333,756,0.702903760481756,118,0.999899917983738,0.0658859398796485,0.999954177318763,0,0.0612038631376935,0.99665776646082,0.0245557529074579,0.472463386814085,0,0.645412396196381,-1499.99735582369,0,1,0.0106802752529461,6.95170684746082e-10,-3.64695023687656,-17.938247875433,0.987012010598596,8.17706871059904
5.73443017503805,72.4780489722739,103.887034668508,6422,2.47785724841427,17781,1.4664302020693,17776,0.994348860874335,8.41070648771593,0.543757233709637,0.568957807242871,-0.164295916887192,0.105643003869988,0.979835642867912,760,0.697129188884761,129,0.999899584541641,0.638959385836526,0.999954177318763,0,0.0107241614005704,1.31508183820016,0.324373033478076,0.205174905006216,0,2.14609921030535,-1395.45643302379,0,1,0.0255383549081631,6.85600149812662e-10,-6.52465088784605,-31.0027255324659,0.994206771489413,8.37254543432702
6.20355213089802,79.780985213135,83.5697763714425,13169,2.41154850404523,9406,1.20712451815496,9401,0.994293318031583,8.41022421499254,0.531453549636743,0.56962456135089,-0.17675981324305,0.107471639434621,0.978460479685532,742,0.695368703748638,122,0.999701986281639,0.589640935146567,0.999954177318763,0,0.0145513666309823,1.30039806958999,0.31184439084994,0.21649147201037,0,1.47437514640034,-1424.8522898367,0,1,0.0185710503802956,6.1509556424917e-10,-6.00856462125896,-25.2130908629542,0.994191135276559,8.38284788535783
5.62638032724505,70.3730794889031,117.699343495142,40094,2.39245674460969,9550,1.37497535567216,6830,0.993849734843742,8.35766573335921,0.518922698158512,0.481714203605963,-0.183717118431971,0.106808121158394,0.976735948257883,752,0.699592218757259,138,0.999899857889327,0.580631944338962,0.999954177318763,0,0.0140177476763837,1.28309783729847,0.295514971178773,0.210443405335446,0,1.96961523079497,-1407.94503747304,0,1,0.0243552348928865,7.08115563984005e-10,-5.14038185684868,-30.3615818563238,0.993702041170462,8.32016748486113
9.69528729071537,160.115383524457,138.454769830192,9122,2.51508045541183,9114,1.72065863130875,9109,0.98282646517743,7.9480619401967,0.0642366549156403,0.0137800121466344,-0.453378758642703,0.213015819925184,0.910114679502227,850,0.693627444158457,115,0.999880913507334,0.0428188595591646,0.999954177318763,0,0.0629427313615062,0.974901785531008,0.00759243182242877,0.469315082680803,0,2.89167712949038,-1458.92367670341,0,1,0.0333900976236416,3.17044503346779e-10,-8.95708629235093,-34.8729598476506,0.982241038271891,7.88382156744718
5.7810854261796,57.2607292485861,101.015977721046,34800,2.34106094204053,9261,1.34970338335166,9256,0.983372631691057,7.98914301964273,0.0475106584724038,0.0162759139880499,-0.464069827645017,0.223317701092532,0.914672545452528,866,0.693203268076086,130,0.999893890591175,0.0436721873904808,0.999954177318763,0,0.0577947785874429,0.977596932675301,0.00853635231814996,0.488646234724603,0,2.8106530247092,-1454.09090408356,0,1,0.0349279530490002,3.23562907530386e-10,-9.02751593552009,-36.7398061005046,0.982778830762511,7.92312750072373
4.29536529680365,39.6816931636124,108.319873006538,41830,2.39310758621097,9839,1.22180886396509,9401,0.993918557228268,8.37999112302009,0.519101174163216,0.490972655148331,-0.167185595192671,0.115877202458578,0.978096883268958,760,0.696917131788461,132,0.99989992801762,0.581867288814572,0.999954177318763,0,0.0143809034630401,1.29209272281086,0.303211468948921,0.222612095350998,0,1.36615939645699,-1424.50139200028,0,1,0.0186215049128503,6.79191441268373e-10,-4.30370678960486,-25.4154426941971,0.993809010808632,8.352020333701
5.47775684931507,63.717208004957,124.737612096749,51616,2.43413371568968,8830,1.41096760956118,51612,0.99429160601374,8.40624033881752,0.531698757381227,0.560516307365733,-0.17128868376942,0.116548665301288,0.980069739207519,750,0.694503935246512,121,0.999899947060894,0.571624469000408,0.999954177318763,0,0.0119057454695074,1.30772906804497,0.318036193058973,0.220422596834146,0,1.31041571087915,-1417.93106951904,0,1,0.017919171077424,6.49987282941128e-10,-4.23264142733067,-24.1534820780885,0.994192915065263,8.37976950014565
5.98589136225266,75.3452718894895,64.8112355148328,21968,2.16412926133987,31756,0.949596192821145,31760,0.993633119556707,8.37075578775107,0.493192178723268,0.449710128300089,-0.182886053475321,0.121908279556648,0.974797066186969,754,0.695393395591442,120,0.999899942330317,0.515338807443915,0.999954177318763,0,0.020162198055801,1.26615430310313,0.27618081786231,0.235524573323378,0,1.36860606339841,-1435.10590134464,0,1,0.0165152468028724,6.38296021061222e-10,-7.46504798615151,-23.6792139190853,0.993531340158361,8.34583840294743
5.92252758751903,76.4957491335451,104.773839859839,35058,2.26155751080151,9118,1.26644219504691,28142,0.993725540390302,8.34291679138911,0.518275854608916,0.469168826142988,-0.178185100084604,0.112184287246389,0.977122771837744,748,0.702154387491656,128,0.99989985214692,0.579643582709826,0.999954177318763,0,0.0162671121694198,1.28585096958478,0.29531882976975,0.212342215131194,0,1.37774516004816,-1427.08736604517,0,1,0.0197904575930993,6.89317545371507e-10,-3.53656608206291,-26.5446411624982,0.993605130823783,8.31249458267051
6.02943398021309,78.8078609117546,114.245148807712,16490,2.47933535120834,43967,1.2725426112429,43962,0.994159356629194,8.40313340193186,0.522883229000859,0.542737540279365,-0.173166348686216,0.112832976875499,0.977216703805727,758,0.696896806211939,140,0.999804769756226,0.575647328266206,0.999954177318763,0,0.0144710358474403,1.29590735621881,0.305510468233006,0.225178196770664,0,1.52652787551451,-1423.97516256586,0,1,0.0206461583798337,6.71636268488038e-10,-4.05451643727669,-27.6984757906826,0.994042505712765,8.37246711283991
5.67590277777778,71.4495703335907,86.063855022374,15927,2.21288019433348,9547,1.068601791899,9543,0.993966595220309,8.37869376193588,0.526327630053101,0.497860706489037,-0.176400842034353,0.10315433989842,0.977630558059724,752,0.6982227519714,132,0.999899932130343,0.607570991235761,0.999954177318763,0,0.0137811722760661,1.29075953546228,0.299417171899575,0.206183204102497,0,1.91387890906952,-1405.17553462128,0,1,0.0239199978847842,7.01250591179481e-10,-5.2200564232689,-30.6135788676042,0.993824583452941,8.34232816750995
5.98412671232877,75.186288017582,79.4210553145296,16634,2.15315351889945,19481,1.01368697831297,3373,0.993885748852311,8.37414512532307,0.513992957797547,0.487307591504087,-0.178996654163519,0.109615732017702,0.975769307815066,744,0.695206048945076,122,0.999894976947004,0.568011596307092,0.999954177318763,0,0.0187494455660545,1.2816577660214,0.291385593999587,0.223088840986565,0,1.40594904007805,-1428.07660902661,0,1,0.0174081493500574,6.34812706088035e-10,-6.88496344965454,-24.0052157740634,0.993782329408956,8.34787106724072
6.01989726027397,78.2076301193936,61.4611221669451,46586,2.28924997516867,9551,1.68233087884458,38066,0.994194521819875,8.41273370749395,0.521562378225101,0.532981262557219,-0.181537152649235,0.110386935621167,0.977436681121444,760,0.697091440113478,134,0.999899878267708,0.572728159636273,0.999954177318763,0,0.0135757311333602,1.2898346269643,0.302385342304453,0.22328198156469,0,1.57480778774248,-1414.24765569856,0,1,0.0206857724276222,6.55752617581111e-10,-4.68401908397536,-28.1870142844037,0.994078483104567,8.38221013592144
5.496950152207,61.7893400960711,88.8085658047925,29445,2.20911339561371,45550,1.05660979904807,45545,0.994296746296305,8.41178334665325,0.516644390774419,0.558307154004661,-0.190643516855187,0.121404273583252,0.97712438657828,746,0.693200663481293,113,0.999899973147964,0.533430817349012,0.999954177318763,0,0.0151137191105125,1.29353514310413,0.302032822446274,0.230689962469135,0,1.46357979306056,-1429.53982754479,0,1,0.017002960039655,5.91462659988726e-10,-7.00666352194675,-23.2389721249932,0.994203714747139,8.38683499388133
5.99782343987823,78.4939388306764,121.393512090722,6693,2.38609055527802,41086,1.39123799400065,15901,0.994489880104542,8.41890482653265,0.536235416034017,0.598434298153373,-0.188433771911551,0.11478821229739,0.98090419916381,746,0.696288403115588,133,0.999894693117904,0.598957204607576,0.999954177318763,0,0.00937352261279736,1.30952012241207,0.316017952155432,0.215626551857791,0,1.57797798175999,-1419.06800762934,0,1,0.0208236133995553,6.67539714859311e-10,-5.45417748617388,-28.6785564411919,0.994379107240559,8.38826853979665
6.01571632420091,78.6073882690004,95.0892136682533,11582,2.42102463875165,43967,1.23688225082115,35480,0.994223594269978,8.39103800615378,0.535953188485753,0.557537894747311,-0.171662417801649,0.107365767105365,0.978701357153502,758,0.69735012517348,134,0.999899934850327,0.614871215160106,0.999954177318763,0,0.0135586498336704,1.30545585057252,0.315894964078616,0.211122841383946,0,1.49139413072969,-1421.33826071327,0,1,0.0194251877956936,6.67401749077201e-10,-4.80749423253834,-26.8536420815442,0.994115319547967,8.36202835530822
5.30994577625571,61.6744391701795,121.729384374098,15633,2.43082292723374,9550,1.20983129592437,19069,0.994019610410946,8.39586648616466,0.518226510708332,0.510555834323437,-0.161235712061702,0.127267664676211,0.977045767181915,756,0.698903530583309,129,0.99989990611573,0.574281109203555,0.999954177318763,0,0.0152272595281704,1.30003669498162,0.309664439900326,0.228529171829962,0,1.80556652219907,-1413.42939680401,0,1,0.0223808807283695,6.82887936620687e-10,-5.45463282764898,-30.6195956539534,0.993888731551621,8.36229433477636
5.44567922374429,63.3113646331116,82.7250825767048,11441,2.2716293367038,8827,1.24010516050286,45282,0.993993561138515,8.37295166037066,0.530962976510403,0.52051000496312,-0.154510562516986,0.117981882855247,0.978138257952321,748,0.696784813372681,129,0.999899577777651,0.618777362772108,0.999954177318763,0,0.0166605797553553,1.3078098304142,0.317024104417586,0.218393507216437,0,1.33040248643304,-1423.9100518941,0,1,0.0177912360210827,6.61252753247924e-10,-4.74419032854418,-24.2737597829232,0.993890369187769,8.3461479053297
5.98004375951294,77.5584192602476,87.4055441096953,29168,2.54464604860417,10414,1.30928689871158,10409,0.993928561063884,8.38175342440331,0.506814509782202,0.488686688124925,-0.18981674723106,0.114803276883111,0.976214465603186,748,0.698097487613859,125,0.999899993444693,0.539231588403172,0.999954177318763,0,0.0170479988408831,1.27609583880207,0.286176857809652,0.230102339692049,0,1.60551261345468,-1420.47792309149,0,1,0.0206821334277432,6.70003701268932e-10,-4.90153731527045,-27.927952232951,0.993806449694335,8.35060843411049
4.25456716133942,39.3471310556312,86.3853203087566,15645,2.41601376766254,9407,1.23063398442456,44105,0.993701020327255,8.35715047817132,0.508880266733774,0.45670999600359,-0.180241014632042,0.112822601103074,0.975362474400514,756,0.700142750191395,136,0.999899917699493,0.576307900537938,0.999954177318763,0,0.0191848848907062,1.27660824638907,0.286052786741087,0.219793313848405,0,1.41808391930875,-1425.4488864549,0,1,0.0192219881166702,6.87906292948798e-10,-3.64427404809309,-26.4369260007475,0.993583708743666,8.32787406601237
6.13038242009132,78.4081393731493,109.330654188769,4960,2.65786934738909,42532,1.59466862751264,43249,0.994304355749459,8.40781560388881,0.526311398731107,0.562968388228277,-0.182012268659232,0.115233604366117,0.978852281224493,748,0.694477374967349,126,0.999899989534868,0.5687483965719,0.999954177318763,0,0.0136533450975748,1.29905709696486,0.312312863827234,0.223583371150134,0,1.47737352101073,-1421.11493090173,0,1,0.0187913909937057,6.23040079664088e-10,-5.96942958215026,-25.4643110432288,0.994201110523987,8.38006754582129
5.60796613394216,70.3465297966042,130.193027373811,11007,2.40363870404394,9551,1.30188685194594,11004,0.993948384633687,8.3494289251737,0.534581946834508,0.514969855752652,-0.171617201387234,0.10569948042048,0.978067566010167,768,0.699825463839529,137,0.999899849175881,0.622527008841964,0.999954177318763,0,0.0114162880787487,1.30199313876838,0.309815871621485,0.202339249029414,0,1.8886028842652,-1414.31533672789,0,1,0.0236847691009242,7.1901367005184e-10,-5.15682079216176,-30.5195311112872,0.99380744080367,8.31283561654541
5.39999143835616,62.5323885061768,89.9771140043627,11583,2.32936270155902,44111,1.30839219232458,14028,0.994100615356947,8.4026731876902,0.523740324279597,0.51852268290536,-0.176599482640852,0.107535442168974,0.978243877510494,752,0.69551707215083,135,0.999899959051413,0.59259277154426,0.999954177318763,0,0.0136698561747617,1.29022282683273,0.302827398616117,0.215714413184991,0,1.46465910633453,-1411.47451576053,0,1,0.0198975353972043,6.57686759214016e-10,-4.02538830224761,-26.9355354554797,0.993987280480229,8.37316553666543
5.65373763318113,67.5459412896357,73.9335290397897,11733,2.29235180605165,44111,1.17360452321339,18498,0.993800967550303,8.38465582135833,0.498181839900218,0.473389017419729,-0.197657288134038,0.111584994419381,0.975885613809069,756,0.696191046952117,129,0.9998999919875,0.529603678499356,0.999954177318763,0,0.0154617976203799,1.26206866487282,0.271126554236387,0.225935229469716,0,1.53387078097478,-1429.7015214554,0,1,0.0180244184051628,6.34987089532383e-10,-8.59589805111437,-23.8888083060919,0.9936925435376,8.35761580834829
5.89980688736682,75.7726937449325,91.3560168843012,38085,2.27921505233818,9118,1.15584001020115,9255,0.993653421762415,8.36347854633414,0.508853616236508,0.457575234045176,-0.176235062631241,0.110738920440151,0.976047605226551,752,0.696206174063209,129,0.99989993490236,0.572622276226811,0.999954177318763,0,0.0171881014111424,1.27369704453687,0.28789929713061,0.221991674404445,0,1.4232268152091,-1421.80630106646,0,1,0.0201888131960245,6.91358705020529e-10,-3.63371512945895,-27.1281078969942,0.993528959665444,8.33277757731427
6.0723848934551,78.9472726945643,149.128119430726,5829,2.33252320752991,5959,1.63048169923919,5826,0.99441250087276,8.42495359376594,0.532189777986837,0.579345079034791,-0.189338818400388,0.104446509988259,0.979318965663052,748,0.697036741422275,133,0.999899255042768,0.603094211614774,0.999954177318763,0,0.0119397654412476,1.29774728280654,0.309837336318262,0.210177889700419,0,1.63226295882494,-1409.95908916896,0,1,0.0218272350423779,6.44707975109021e-10,-4.7072955731698,-28.4179404710002,0.994294086086182,8.39288664238647
6.02610445205479,76.3917613707749,101.642403552817,3380,2.14181809103948,21965,1.38620205590885,3377,0.99387532263502,8.40094334170222,0.498202738801033,0.482351313639345,-0.186985261728631,0.116784249113692,0.975737981360971,752,0.695558299436607,240,0.999899998563626,0.526044882013805,0.999954177318763,0,0.0169305655571981,1.26824486140496,0.278293031744475,0.236105038764365,0,1.41487854935371,-1428.17356003559,0,1,0.0170171078589744,6.41823797347024e-10,-7.8418454636434,-23.3882649920475,0.99377433804048,8.37568807931488
12.4220795281583,286.849184187438,89.7905982065995,12037,2.46684365902335,15591,1.50312446939377,9400,0.980029746273215,7.8407156185145,0.0314903001628997,0.0066845470639034,-0.464291787346587,0.221415568841396,0.908481263581703,840,0.704275212098763,133,0.999775193250033,0.0225875171636861,0.999954177318763,0,0.0777439876149013,0.964980240554572,0.00349725754666919,0.487010881317461,0,3.07266585792352,-1486.7271411013,0,1,0.0389619036284401,4.07625808769089e-10,-6.20021850554187,-37.932427000917,0.979228475794787,7.76151447398865
11.3599315068493,273.751855548116,128.984415690178,11733,2.40458883688197,11724,1.44344754724408,1782,0.986523029787212,8.20597919074115,0.0712993006333887,0.0432826950804843,-0.455586130291717,0.216083421958437,0.941502136403467,782,0.700879650757984,120,0.99571521887811,0.0596665334457564,0.999954177318763,0,0.0772196016499199,0.987697688587774,0.0142968422897972,0.496445801004878,0,0.716180296001545,-1515.86788662451,0,1,0.0096953207656777,6.60263816788264e-10,-6.07874148957411,-18.0582090539081,0.986396224234188,8.19023283926165
8.21741628614916,141.414899106369,96.2896582005178,1376,2.54124698271649,9550,1.64265282372125,6955,0.986431920529427,8.17653055755927,0.067622468307615,0.0411345634713151,-0.45850485068697,0.21969547142486,0.938652685406526,800,0.701323131285099,117,0.99395762444344,0.0581358309124226,0.999954177318763,0,0.0756376488555755,0.990409606651602,0.0164755257153977,0.500288815818352,0,0.806121914155934,-1518.75406166343,0,1,0.0101330019496545,6.46604643561467e-10,-6.67419448567222,-15.1895949470137,0.986297820155228,8.15979352063029
4.2069054414003,37.155810825359,106.242038438935,42120,2.22293069965191,43978,1.16974674817822,14604,0.994288237241498,8.42470483507517,0.51904164135606,0.560920926471332,-0.173112198104565,0.122521480006157,0.978714552335636,760,0.695248238976492,124,0.999899978735578,0.549885805248508,0.999954177318763,0,0.0121711218592198,1.2979174233456,0.310946926826362,0.23814614226564,0,1.34799285996481,-1418.19220563754,0,1,0.0178441154589111,6.3762402841299e-10,-5.10057622575924,-25.7973963992268,0.994190545844496,8.39870300394734
5.66007420091324,67.748969742777,57.0188234581985,16635,2.20994442042018,19481,1.16193607845402,26280,0.99355680400092,8.35886840638988,0.499213260435361,0.44067231383553,-0.167848444653865,0.122577555976537,0.976123458224608,758,0.696011788412129,128,0.999899948982136,0.533645235651658,0.999954177318763,0,0.0192242488182579,1.27523699057551,0.285737703391652,0.232640658155537,0,1.43481494668449,-1433.97620798827,0,1,0.0172058631810295,6.49503336737134e-10,-7.92412604761754,-23.3518807037571,0.993449176961375,8.33269392630901
19.1315306316591,636.990855198171,136.63197090528,10130,2.50607423238449,19047,1.63836038589386,10117,0.983700945216649,7.96740453195335,0.100365680796795,0.0215567354520759,-0.423477397489833,0.195061420972656,0.916919508399132,808,0.694234013720175,120,0.999899771758562,0.0509992534021757,0.999954177318763,0,0.0539375886150815,0.985084497157262,0.0161127769843803,0.445508632947813,0,2.91326761358726,-1444.43342420893,0,1,0.0354741260533024,3.27927328722232e-10,-9.98189428278395,-36.9010726448008,0.98310977981333,7.89962933718317
6.02718892694064,78.7984894720972,92.7067142966287,33765,2.69070632385162,42531,1.61089382360494,42527,0.994522185896378,8.4226907846024,0.537998021891176,0.601550532900067,-0.190715979871066,0.108781544848614,0.980242673845559,744,0.695476057798852,128,0.999899988270415,0.602205484284267,0.999954177318763,0,0.00992667296537625,1.30900476111872,0.316891158575164,0.210541440182801,0,1.60563620394018,-1408.38706794839,0,1,0.0210709224652759,6.64710436191404e-10,-5.80471194659204,-28.8007121777185,0.994410556802119,8.39173025245433
5.97596175799087,77.8677439902421,75.9881624006927,15178,2.49595712526428,10414,1.57209297534899,11448,0.994061179156098,8.37231785796086,0.533223120949775,0.531270207134816,-0.161527289153942,0.113132525472713,0.978320168929296,742,0.698479599301253,131,0.999899693703036,0.61380129206208,0.999954177318763,0,0.0158960678342592,1.30643472836367,0.317329864504736,0.219054338710678,0,1.59174401162772,-1426.48825959507,0,1,0.0202555566812538,6.8046638890434e-10,-5.31304508968747,-28.453648244554,0.993944641394361,8.3416894906196
6.26577720700152,86.2778056898171,121.671195192311,15500,2.76791360968578,44111,1.78583844350607,44106,0.984611210384082,8.10511222720209,0.048232872400563,0.0260766589853663,-0.466609168133063,0.222402633983119,0.932162214372391,798,0.707291862274627,136,0.992222151774283,0.0462558044051543,0.999954177318763,0,0.0873621626374837,0.978027906884254,0.00816359765338886,0.496813114737441,0,0.631602819676472,-1539.14383090925,0,1,0.0115070613477408,7.17745247608058e-10,-2.66722989901114,-17.826348837905,0.984437381233067,8.08531190107715
5.58319254185693,68.55991195212,101.414685363022,25137,2.20408197647521,16169,1.2480191542995,11432,0.994075376002833,8.39954752496179,0.525316040788833,0.510416279069185,-0.168646660398082,0.111079673349721,0.979064920893026,750,0.695702621099766,125,0.999899448782145,0.598096487097092,0.999954177318763,0,0.0141084246059938,1.29602646491487,0.307199997475138,0.213691797337676,0,1.81964571753679,-1405.4964240364,0,1,0.0230374746964837,6.90031098466743e-10,-4.79169361455282,-31.1663431297284,0.993941669285733,8.36501905116838
6.18326293759513,79.402256823878,69.516176269915,42122,2.34659212898016,44254,1.15736319943446,9254,0.994525164706273,8.42634313649142,0.543086964594137,0.620356384366556,-0.176326843867856,0.105207929183998,0.980030201740406,750,0.695635854463441,125,0.999899904410629,0.611336023229447,0.999954177318763,0,0.011084308040403,1.3142512601092,0.323109119204468,0.211741055669669,0,1.54711970802749,-1418.61703599889,0,1,0.0195006096055643,6.1658980598498e-10,-6.24596429791759,-26.1711694260206,0.994422080129565,8.39782657728765
5.73620338660578,69.3783864397305,72.8671445171,24990,2.21805519715971,14011,1.1081761362238,11016,0.993869951944528,8.38683156051079,0.499448814267437,0.483983458155465,-0.200528269216805,0.111218062916171,0.976398974275141,750,0.693879806480429,131,0.999899987309958,0.525359012863859,0.999954177318763,0,0.0177335649023224,1.26488481645225,0.273306198781791,0.223336585355323,0,1.55718917686341,-1433.76376109995,0,1,0.0175358497238243,6.32554817866223e-10,-8.75854755997027,-23.5322559414335,0.993765699789623,8.36057004167996
8.05545662100457,140.222308454139,235.263634925085,43262,2.48236082142591,10413,1.50526373358479,43259,0.98751034383587,8.23307434607272,0.0858172385429545,0.0538259399398061,-0.452395760169075,0.215293098218722,0.944270539746957,794,0.703948845481678,123,0.999875147521569,0.0655556174006982,0.999954177318763,0,0.0583856919989803,0.997764153025863,0.0224994186783203,0.488841047397171,0,0.658360830331505,-1492.29038918881,0,1,0.00998280690432563,6.8450423088562e-10,-3.97621563105802,-17.0429875222281,0.987388956864547,8.21703536439698
5.54889079147641,69.5514842431009,136.690503685247,4690,2.46470121932033,9550,1.40270231238746,4687,0.993889493861901,8.34128674174959,0.545376159246769,0.506459499243818,-0.157617532270068,0.0998986460212714,0.978654089724833,764,0.700817641160569,128,0.999899722950798,0.671591199696487,0.999954177318763,0,0.0129569830308011,1.31140822873144,0.319642362492755,0.190131089704807,0,1.95315048099441,-1405.80458556879,0,1,0.0246887556397525,7.34467356308572e-10,-4.74760377857893,-31.4604407476063,0.993741016048465,8.30291857857796
5.46736681887367,60.9400809103623,77.8533272054652,51640,2.39034246097214,6969,1.46322965117972,6966,0.994171955142859,8.41975048639036,0.510406761158578,0.531709852295063,-0.18734923947101,0.122028312618656,0.976513404528653,744,0.691361081650776,116,0.999899914374591,0.540769159717411,0.999954177318763,0,0.0147476670717684,1.28399957403372,0.294306991985032,0.232631123087277,0,1.39341847970557,-1429.14745802308,0,1,0.0168508141886078,5.92872499000408e-10,-6.47724601212714,-23.5579273561826,0.994077666497355,8.39513393707935
4.23969178082192,39.2307763657385,116.170191289838,14025,2.4611046313067,44110,1.24264966506465,44105,0.993603222423892,8.34761105795667,0.509352317671157,0.445564754524454,-0.18466909535419,0.101796815140539,0.974506029481508,762,0.698428335233193,134,0.999899970240925,0.571441483457453,0.999954177318763,0,0.0183496821581039,1.26961669716308,0.280436566215773,0.212665052933808,0,1.49500060880066,-1421.3347279627,0,1,0.019838285407669,6.90244255694038e-10,-4.28963708629117,-27.6474768709949,0.993479922208912,8.31717160834788
5.63943302891933,70.6987066174064,129.948214680187,14603,2.61707180446399,10416,1.29026444955245,10410,0.994205869057705,8.37855851168935,0.54158891356135,0.548893356916774,-0.168857331266201,0.110520420056945,0.979378029988729,744,0.698190676847661,130,0.999899987703235,0.627080953956312,0.999954177318763,0,0.00996096616836664,1.31396658494863,0.321817384807085,0.20303665412632,0,1.9436955858561,-1409.26359103277,0,1,0.0242207675694446,7.07288824594562e-10,-4.72450484970184,-30.2393683268413,0.994067597081652,8.34170428443598
5.3912148021309,62.6605242857528,107.685194111951,10162,2.39330251639244,9407,1.1822772304501,9401,0.994171109231366,8.39257394685798,0.52671655713754,0.550306116186121,-0.177019428618044,0.111828007654684,0.978841886915787,748,0.698062917788788,132,0.999839076179904,0.579492026027171,0.999954177318763,0,0.0146772434524503,1.29796584344526,0.308634029938666,0.216891057196478,0,1.43998570285023,-1427.09538608328,0,1,0.0190740180766974,6.70512588405609e-10,-4.56886367072242,-26.2896586325949,0.994063907676121,8.36415998635807
6.01550228310502,78.0340943271319,82.4547760512124,4250,2.48084298294757,43966,1.30173193010204,43961,0.994347806142842,8.3906766879422,0.54721986547172,0.586557135748459,-0.180135953012945,0.102618979976823,0.979085866899714,758,0.696501508819424,248,0.999899995894732,0.633052900748802,0.999954177318763,0,0.0122398668882694,1.31385760376757,0.321364067549111,0.195756200070315,0,1.51785566996989,-1415.04728874582,0,1,0.020514512338575,6.54566617377424e-10,-3.92013891080759,-27.2560657959356,0.994235795322704,8.36000356880781
5.435700152207,63.2888409641432,56.1736700608325,36084,2.22866690735074,44107,1.16266108055149,13877,0.994319865438727,8.4087044913291,0.535926022175907,0.560044272109275,-0.179076382838551,0.106449037893651,0.978541588066957,756,0.696355219693688,126,0.999899823052174,0.608117760224368,0.999954177318763,0,0.012010417730798,1.30399395007388,0.315180458658418,0.206864508990324,0,1.45187172465805,-1411.51185155934,0,1,0.0194266006490276,6.62962264789575e-10,-4.59412492171615,-26.2568399337784,0.994213452420224,8.38001512177998
4.99618721461187,55.4185914099927,94.0648787067397,18806,2.31651681617548,9838,1.36465686310234,14047,0.994169129107663,8.3954996565528,0.526495554763141,0.530296442739542,-0.179326316510447,0.110807876822795,0.978954839946389,746,0.69756164968118,136,0.999898131730303,0.582050681795882,0.999954177318763,0,0.0112716481396633,1.29725977359938,0.305624714705622,0.215124198940388,0,1.9754784328109,-1406.28182951771,0,1,0.0240127983719847,7.0229942500894e-10,-5.76730381948316,-29.8474148687443,0.994031182015897,8.35933173494735
5.39907629375951,62.8751237210385,88.4311533642556,39369,2.55000906870324,11710,1.34864722473282,11705,0.994270378333637,8.39715209698723,0.53809011669501,0.564790042034552,-0.169772200864495,0.109949274412929,0.979652030013347,740,0.697826115375321,125,0.999899927018204,0.617016890246909,0.999954177318763,0,0.0143037602290273,1.3100382094197,0.318391292568037,0.208409754865563,0,1.52502559502682,-1420.1244163008,0,1,0.0201799730895988,6.63200553670957e-10,-4.5675271207005,-27.1094085390496,0.994158696833145,8.36711547154608
4.20716133942161,37.2587904920535,88.7967759586494,13179,2.26654730272397,9118,1.13181344437345,10859,0.994231271731962,8.39975934518039,0.525969463466218,0.549496326231856,-0.194917956708813,0.100725390938413,0.979273800965044,754,0.695390680094811,131,0.999898140766428,0.579466953502972,0.999954177318763,0,0.0121195070338159,1.28915294008631,0.297877161781032,0.210148260239218,0,1.32467353800184,-1424.46106992642,0,1,0.0173626268872942,6.38719508309439e-10,-5.32287401339349,-24.554354125345,0.994135175852999,8.37407780342333
5.46999143835616,63.9736586787448,64.3112823889074,13321,2.38611609311912,8831,1.28040372870414,12578,0.994141145327332,8.40521084161933,0.519503079396765,0.535245556068406,-0.174466366328753,0.117907122695086,0.97929501888506,754,0.694871563369131,127,0.99989999062125,0.564037355990258,0.999954177318763,0,0.0140322940605894,1.29387369753762,0.302236541624467,0.229470795549674,0,1.3188944667112,-1421.20375048958,0,1,0.0180558379610497,6.58682537466472e-10,-4.54301901385378,-24.3804857716183,0.994039217557824,8.37854047712964
6.02535578386606,79.1357543588508,96.7956110868048,43850,2.28590303071044,31752,1.21495440477317,10145,0.994231918873167,8.39363963674327,0.538355485595239,0.558204658878165,-0.176227754781023,0.103050734187794,0.978864699322359,748,0.699391500344033,133,0.999899945693618,0.621687425393163,0.999954177318763,0,0.013089270715037,1.30469728519279,0.31412709616345,0.201124368287609,0,1.55575420042267,-1414.83837266275,0,1,0.0209465064937158,6.69108350793626e-10,-3.68309660761793,-28.1517929739199,0.994114889166915,8.36234199061484
5.46088375190259,63.4410080376287,102.11420885902,15899,2.49717941129313,8831,1.27129477788854,4082,0.994480631102431,8.39857981707553,0.546978900551499,0.615190146242696,-0.17824025615756,0.110577693222113,0.980274051782318,744,0.694606825530541,126,0.999683142245484,0.620848514334849,0.999954177318763,0,0.0107797614419073,1.3207444776205,0.328765111022875,0.207672858777879,0,1.4090004391101,-1421.91432417882,0,1,0.0188950192983306,6.52412949214092e-10,-4.77615929323107,-24.9468868604906,0.994380247002181,8.3705329922857
5.40107401065449,64.0085164647748,67.2393883945098,15326,2.62420040494633,10415,1.39268793923613,10409,0.993511164361678,8.36803776170815,0.490365571599752,0.419725182872156,-0.195536973864251,0.109880313611092,0.975217735525214,760,0.69882167255225,146,0.99989994674252,0.524512539425617,0.999954177318763,0,0.0178940123294897,1.25293575390494,0.261523265740266,0.224406550867873,0,1.50636297704686,-1417.91327725956,0,1,0.0209096078613829,7.03760480730195e-10,-3.56726959500778,-27.8997787646501,0.993378909634469,8.33626755901683
5.67533770928463,67.8806259442847,72.6746890962128,15615,2.24178508933687,15924,1.28025279528861,11010,0.993824762895771,8.37554423721873,0.498072108045565,0.473670768366434,-0.197681559600682,0.119619326934415,0.97602096759169,758,0.696717491216982,136,0.999899915854221,0.518611770663253,0.999954177318763,0,0.0187096484296026,1.26767122642648,0.278243295016733,0.228524474947891,0,1.39786939594273,-1431.27424940434,0,1,0.017076889691702,6.40464847166977e-10,-7.57834547975529,-23.6839849442494,0.993722789225215,8.34984170291101
5.63212614155251,55.7584231226561,119.921436078358,16748,2.34225712048961,16310,1.48644457489829,16305,0.982508743400703,7.96724121736481,0.0413248083541362,0.01140279746749,-0.469709312954904,0.224263482463665,0.915606814432838,876,0.696483602851509,127,0.999898832306822,0.0366382599851148,0.999954177318763,0,0.0528524019299301,0.970953059508396,0.00477127829999417,0.487129547362229,0,2.78148806344871,-1451.34512952642,0,1,0.0347592905550972,3.51942981376413e-10,-8.1701218873418,-37.0711720275323,0.981887138673375,7.90083935444382
5.40552701674277,62.8145758937886,95.292227660341,11584,2.42632553208093,9406,1.25259364995043,9401,0.994293344378274,8.37225699882024,0.556436372277269,0.581391505511408,-0.155660771668058,0.107901553634658,0.98041868445055,746,0.698743947653375,122,0.999899840446609,0.669944146835063,0.999954177318763,0,0.0124249405447139,1.33113599385391,0.338467944436341,0.193556265749813,0,1.48644744004073,-1419.77756386277,0,1,0.0194854181727223,6.66123236781127e-10,-4.66994571523244,-26.3472988504788,0.994186002124005,8.3428436639636
4.95515315829528,54.673077622616,131.881269556705,11008,2.3951449449949,9839,1.1656463289321,9833,0.994196110305433,8.39154747206248,0.530766827685904,0.542665787825482,-0.183578080432614,0.104489250053424,0.979147117926437,752,0.698505570906733,138,0.999899789617351,0.59752994454539,0.999954177318763,0,0.0116159399976157,1.29638620266817,0.307421706294618,0.209222007982597,0,1.98793436389254,-1406.32325772448,0,1,0.0248480462743296,6.99582745468748e-10,-5.01319697356874,-30.5897280514493,0.994053898252449,8.35400364303882
6.03764649923896,76.1876337805506,96.8221140789724,16052,2.36293466968774,24981,1.22237247759808,28883,0.99378417807909,8.38767950857463,0.492187628092597,0.464787704268202,-0.188701145394217,0.122979274391483,0.975776852921732,756,0.693699627038817,122,0.999899941551297,0.503598004991149,0.999954177318763,0,0.0194476240912305,1.26615417275087,0.276385900445756,0.242058423137025,0,1.36564738624625,-1431.77603697261,0,1,0.0169550396682375,6.31341128023867e-10,-6.97499681228126,-24.3719947686412,0.993682057125993,8.36233154510652
4.27795281582953,39.8057897167561,98.4613525893994,11584,2.41711170506196,42670,1.37393748637638,27425,0.993752732714516,8.37497547847557,0.512403045985147,0.470000719395553,-0.179404164032263,0.104270107944238,0.975880681258401,754,0.698078182897429,131,0.999899972156647,0.579533823328742,0.999954177318763,0,0.0179621883648374,1.27506902404133,0.284122923845593,0.212661520397912,0,1.48852798410997,-1423.13728832635,0,1,0.0198530559820438,6.8761876394744e-10,-4.40660099849385,-27.3856828123496,0.993632380192039,8.34499786615657
4.27720224505327,39.6860951519271,134.520262721505,11745,2.47313753418839,11737,1.3375486585446,37640,0.993782793290008,8.34564735597102,0.519029821572511,0.482569331377282,-0.175642361253959,0.111087188697272,0.976776442688881,764,0.699852603608053,136,0.999899863622284,0.583243767077706,0.999954177318763,0,0.016724731382002,1.28665017545174,0.297985389056924,0.220010447812548,0,1.44786189056897,-1427.95398154855,0,1,0.0193737384932685,6.81568169612195e-10,-4.51122010690916,-26.2958004435577,0.993665963735818,8.31592223382132
5.60220985540335,68.859696927744,94.6834063858377,8431,2.4613847853471,10414,1.2726909211214,10409,0.994184762295211,8.38320393266986,0.535287296922873,0.551265312887032,-0.168716062855405,0.114525665926832,0.978843197434511,750,0.696237698790653,135,0.999899935344255,0.608330835460346,0.999954177318763,0,0.0115345921553853,1.31044750159217,0.317364839958388,0.209080874935216,0,1.86517461276513,-1414.29765828732,0,1,0.0234217228464464,6.87396082057669e-10,-4.93583907856144,-31.2094070674196,0.994051182731285,8.34774432538297
5.59888508371385,70.2009064987139,119.722530739624,25263,2.31243935043517,43390,1.38486815696292,11726,0.993900843729073,8.33588388195484,0.555962982995564,0.520433019133727,-0.136664533369817,0.103998294087877,0.979152316951149,748,0.699298963732498,136,0.999899943386011,0.718034372814465,0.999954177318763,0,0.0135393105499931,1.32806922390693,0.339207377232776,0.185967226449169,0,1.87724140002076,-1407.60051830993,0,1,0.0238670275362183,7.24155975432144e-10,-4.27200659526978,-30.952192680901,0.993757734550725,8.2987124811701
9.48657724505327,197.330965871618,202.282281113516,43976,2.40826557107516,8974,1.51974683642008,10699,0.986216422041081,8.19223445875965,0.0544538005672233,0.0403741080310513,-0.460672271554481,0.223985089678179,0.936664995332909,780,0.705517413338598,121,0.979806999923681,0.0567380042885406,0.999954177318763,0,0.0690662689306537,0.990117301057339,0.0173439142016597,0.508777881081508,0,0.728047691089216,-1508.94451516633,0,1,0.0127147249110633,7.16259626429648e-10,-3.10211088101319,-19.4356528220491,0.986044626888959,8.17129206986823
9.83393930745814,200.154729729759,122.87156286073,23984,2.36259068526287,44974,1.63544376891578,10711,0.987124457819794,8.22591399738406,0.0782757771888174,0.0511991487422037,-0.452122868020611,0.215827970461847,0.940013998827842,770,0.701307252575076,126,0.999720901121909,0.0606712185717282,0.999954177318763,0,0.073070379599918,0.994576778089475,0.0193186566990716,0.493256122198915,0,0.67994287360752,-1505.50071119135,0,1,0.00909660868251627,6.22523287272377e-10,-5.97554173217503,-15.6245462072461,0.987010636560729,8.2113135523327
5.41754280821918,64.9408427130212,104.557896463444,40107,2.64066107439926,10414,1.4437772470161,10409,0.993959867067941,8.38355661690432,0.525255516378964,0.497812536825019,-0.171529894369332,0.107070714904471,0.977143599266483,744,0.697782435590104,266,0.999899995878995,0.606272704540528,0.999954177318763,0,0.0144161411907712,1.29266571369345,0.301255567905724,0.205571094490447,0,1.68329104417484,-1415.53800387583,0,1,0.0225728534254405,6.99513369418009e-10,-4.01292533357406,-29.1553591225561,0.993826688468762,8.34947494379391
6.05432363013699,79.3443109639653,101.482763557273,19659,2.0903633392242,19651,1.00436522415399,38958,0.994209792435069,8.41291264049607,0.518122198452687,0.539717451606595,-0.185441381209878,0.110416685134268,0.97749323085592,750,0.696493784370405,240,0.999899906761652,0.55561371079619,0.999954177318763,0,0.0145043117208052,1.28834576546271,0.297375948613233,0.22581755602641,0,1.51370713142027,-1417.56611313084,0,1,0.0199933398192477,6.6104666454452e-10,-4.37539941922558,-27.3434820556354,0.994097888743763,8.38343428450947
5.38287956621005,62.5356372206026,101.390965506224,29161,2.47599006480715,9406,1.49491871514256,10705,0.994400082519216,8.38696545549554,0.556943318899025,0.603790844287637,-0.160267418774599,0.104842045016095,0.980028178687319,770,0.698634116408704,137,0.999899988576321,0.66364880362578,0.999954177318763,0,0.0124128987520495,1.33067758224873,0.338141891007317,0.193824806036956,0,1.37364275358208,-1418.75942280667,0,1,0.0187820953022992,6.72673624054377e-10,-3.8021553030917,-26.0971880535091,0.99429901225437,8.3589127609374
6.01607115677321,78.399589312846,72.9546576931182,15902,2.58065120686756,10414,1.30002984006519,10409,0.994470541689784,8.42179287624794,0.543909569481797,0.599516383727489,-0.176844064988471,0.102992175098047,0.979964851144859,752,0.697195760843975,138,0.999899729485122,0.622972663407409,0.999954177318763,0,0.0107894724252676,1.31267801206361,0.320337444718546,0.206011222135879,0,1.64674274539472,-1412.54798239952,0,1,0.0215889247939333,6.56747768974244e-10,-5.12136842118993,-29.0001349191098,0.994354804883293,8.39003110363401
5.71481830289193,72.004804910002,84.9859221648753,32034,1.99751000618752,45723,0.958331107635003,34478,0.994217264891495,8.4073681285009,0.530364408829269,0.537651675085661,-0.178622502914426,0.107787301999074,0.978212643337453,752,0.696056642705964,153,0.999899961642609,0.600051090073741,0.999954177318763,0,0.0106861602145877,1.29905355163678,0.306340452985396,0.205637213158309,0,2.01808359614456,-1398.27722148139,0,1,0.023876849552165,6.90960420390636e-10,-6.39658174285391,-29.4780189720026,0.994081321244233,8.37166055262907
6.10977264079148,77.7525501395205,72.9053889154176,34790,2.46491713320608,44398,1.39863401156583,44393,0.994343399072947,8.40590730880139,0.542111652562532,0.581240367950019,-0.166665148657103,0.106304006254613,0.979689157227081,746,0.693813242543453,247,0.999897550035162,0.64463633020801,0.999954177318763,0,0.0148193549808657,1.31357056662035,0.322524193718235,0.209027826482827,0,1.48709617555974,-1420.70908906491,0,1,0.0184940085519213,6.21457078149186e-10,-6.62252761260337,-24.6677359482283,0.994242579923016,8.37857483712696
3.31087423896499,22.8024380663391,108.023867602437,11030,2.3831513231424,45405,1.4479592008514,18785,0.985797452653286,8.17848606854709,0.0430165935129418,0.0358398392216531,-0.47510567117456,0.229973264362832,0.933214258387958,818,0.701657891120158,115,0.966853400900677,0.0570243916605704,0.999954177318763,0,0.0812671317190785,0.983167487488935,0.0112992717485285,0.513971727967298,0,0.805203822823607,-1525.45560797935,0,1,0.00923094190248075,6.31485443457979e-10,-7.20583793626163,-15.545763367753,0.985669716930104,8.16326989159917
5.27939022070015,61.1314544979275,69.6434769523956,12042,2.32136945085391,9839,1.09819850964773,9833,0.994122199890679,8.40684422455253,0.520637161327575,0.517735386203149,-0.178168341379869,0.116024973162693,0.977845442766697,764,0.695227359643074,143,0.999899791451504,0.57358039675529,0.999954177318763,0,0.0140125175803008,1.29247628562303,0.301549468535011,0.218837669623345,0,1.76246953830617,-1407.23426251618,0,1,0.0224877410432971,6.94099838074644e-10,-4.72346431006414,-30.7171388195196,0.993992979086972,8.37332491702093
5.93780251141552,74.0143620538836,141.103201245591,33491,2.25207946743552,33483,1.18397591751754,32474,0.993787962919905,8.36609415106064,0.498671691742122,0.461144211701966,-0.198524783966217,0.119810352517587,0.976545079559754,752,0.695483633556346,132,0.999899985719314,0.520515862964267,0.999954177318763,0,0.0205050125730489,1.26832487495698,0.277167612107797,0.231913985992499,0,1.55224350335203,-1429.07832954322,0,1,0.017559869850262,6.32200699396811e-10,-8.50820139731695,-23.6569064374087,0.99368202136819,8.33946859555306
1.60633656773212,5.52475973869588,165.745267799922,43988,2.39738190107968,41088,1.54377754027242,41094,0.987097513947814,8.216584738568,0.05422423671004,0.0453063773682295,-0.486664160294858,0.240157508323233,0.940861805948223,856,0.701921920104144,135,0.96484346218131,0.0675105519098729,0.999954177318763,0,0.0543488772569149,0.992581698855246,0.0169699515933404,0.510808004820382,0,0.608674623880745,-1499.89063894579,0,1,0.00996369427674204,6.74627456664784e-10,-3.75255733998524,-17.7384206483165,0.986972612733293,8.2004713067895
6.09581716133942,77.4552904907423,72.755704490266,35649,2.19807846048903,10410,1.01127910269769,44537,0.994298039143426,8.41467726073379,0.528617561296461,0.568733048439213,-0.183165668696016,0.10429848777762,0.978812748870784,738,0.695911152988532,129,0.999899981410905,0.586513053568496,0.999954177318763,0,0.0126343978155775,1.29407486879787,0.30513122123577,0.220080359695477,0,1.46655135583218,-1419.04071333879,0,1,0.0180695113038629,6.27078996748115e-10,-6.6020738599549,-24.7886601089371,0.994198920076451,8.38813636209821
5.98140220700152,75.3218726699013,120.857544215526,24987,2.41161887243453,24979,1.50130398740026,24984,0.993750791832001,8.36601951568325,0.507404007128059,0.473180027644673,-0.183587368126968,0.109510181510428,0.975704706384606,758,0.698013064413415,134,0.999899913935391,0.559923571579289,0.999954177318763,0,0.0189389012181348,1.27333536956711,0.284500217748874,0.220078699449767,0,1.34447388968997,-1433.03791987834,0,1,0.0162339995399982,6.37507279602511e-10,-7.59603944022681,-24.1914607904588,0.9936526743477,8.34146288692692
5.9719054414003,77.4657796318431,105.550821421124,12453,2.38880696384462,9551,1.15396473388144,9545,0.994004466955289,8.38183616601442,0.511946830997003,0.512955839380189,-0.2030029259807,0.107102603401487,0.975763399839488,754,0.697871193922298,148,0.999899685340321,0.545413522336813,0.999954177318763,0,0.0158639812982541,1.27434324438843,0.284418279747962,0.214877768280678,0,1.56408877562363,-1423.38165402696,0,1,0.0209791820288685,6.60664776625685e-10,-4.12795433708903,-28.0095566598001,0.99388225234597,8.35024307637151
4.22351693302892,37.7940314578841,101.752645172651,13179,2.37325105050875,44255,1.25755379736985,10120,0.994293766891923,8.4104108841976,0.533534267891059,0.565241585092945,-0.172708713077482,0.107917622387298,0.979317987068301,752,0.695895250485619,126,0.999899389906222,0.609279944684989,0.999954177318763,0,0.0148865308722734,1.30350473255667,0.31216207554804,0.218139447607288,0,1.426910548759,-1420.21834547737,0,1,0.0187738529758683,6.42234447893319e-10,-5.24027570218155,-25.5177621075104,0.994190592989859,8.3827442175865
6.02217656012177,77.825635971033,101.839938320568,12453,2.06588526404498,31001,0.923297948079027,25146,0.99428448948718,8.40527361991897,0.538116190423386,0.564138308641807,-0.168259426184569,0.105577676483613,0.979294792261676,752,0.698148926966457,131,0.999899979971783,0.624580318278809,0.999954177318763,0,0.0144080962779129,1.30828573188764,0.31726158911971,0.210038768548747,0,1.51088443007363,-1413.42927589376,0,1,0.0201235157262551,6.59805557418034e-10,-4.25285212870592,-27.7044776242826,0.994173356592865,8.37544742469628
14.6680717275495,392.852199377264,142.101562941315,37526,2.61168998638632,9405,1.59205654864119,9400,0.981458457652923,7.88194945444585,0.0471800652280463,0.00940966020528842,-0.46102609261726,0.218146538771968,0.908606993777698,848,0.700911976549155,128,0.999899863067752,0.032925158801165,0.999954177318763,0,0.0767741561454854,0.969884042444525,0.00504792424240684,0.476137558442839,0,2.78935960490651,-1475.46167742429,0,1,0.0344754863448758,3.85939113902932e-10,-7.33792527408215,-36.905716569333,0.980804405522851,7.813518840713
6.17555175038052,79.158808557987,95.6650163228994,43989,2.44629623577581,44254,1.22191813009007,44249,0.994312622168085,8.40608378093793,0.52619433194527,0.566037677330549,-0.198661364387642,0.103573767814667,0.978232402508562,748,0.693729816171011,131,0.999899978625418,0.569103578280671,0.999954177318763,0,0.0137629529911965,1.29042399660744,0.299380829894587,0.214050782450473,0,1.44845014496858,-1418.27067358598,0,1,0.0184700243096031,6.16373667262263e-10,-6.12666421954269,-24.5135293008184,0.994211416325986,8.3788003929844
5.98598173515982,78.3190243600994,84.5720321068448,640,2.41926271875464,10414,1.2509380805044,10409,0.993875989787407,8.38149520473497,0.508466907263126,0.484333502922032,-0.182677680576936,0.114125435290581,0.977578883331593,754,0.696556318909134,124,0.999899647759734,0.555167340504521,0.999954177318763,0,0.0151206792896972,1.27861226960498,0.286990928958531,0.225546781919107,0,1.57429845655131,-1422.53582710299,0,1,0.0204753799337196,6.85970868447371e-10,-4.50387512547718,-27.6842502294644,0.993754201329239,8.35068440003885
9.78126807458143,201.568017465759,153.612835502235,13748,2.49833329799338,43252,1.35676230945391,13152,0.9876789297225,8.22860054989211,0.0992834724976081,0.0622427658148833,-0.440722457623992,0.206904838473095,0.943018717334092,774,0.700539860734697,119,0.999899440810083,0.069814903411422,0.999954177318763,0,0.0614962195201865,1.0015012867117,0.0260712734239465,0.48401006446937,0,0.75284628502613,-1502.43096748598,0,1,0.01018687948882,6.5344411333883e-10,-5.93011132500221,-18.4704997049742,0.987557042066583,8.21223069565367
8.06365962709285,140.975277698791,185.03152096936,5973,2.67364567616094,42531,1.61997296701085,42526,0.985622626626082,8.15781769644814,0.0581094320183972,0.0401685041222913,-0.454373379198242,0.218727887497202,0.937187391813028,778,0.704596248844088,139,0.993928918803907,0.0521084314408454,0.999954177318763,0,0.0725373863948388,0.985968674690484,0.0143878943190107,0.504200404329381,0,0.850734498150451,-1532.14451362706,0,1,0.0109881192473237,6.89180125531523e-10,-8.08683519016755,-16.2622909403771,0.985467367169927,8.13933360536447
3.12380136986301,21.7480376241234,130.636443061062,44114,2.54852646725592,9405,1.50032565939172,12439,0.98469871400784,8.14188633165285,0.028256129488618,0.026960489363898,-0.477727566409224,0.232872642017361,0.932092588807016,840,0.706505244500033,127,0.963125050580741,0.0499581553913711,0.999954177318763,0,0.0778544258526092,0.978550487029921,0.00779669830242856,0.514183041743995,0,0.735134602878202,-1534.04910876229,0,1,0.011201887879164,7.34020946192126e-10,-3.53845924095673,-19.8216990136791,0.984530789193259,8.12297739371695
5.68084950532725,67.7804574206052,111.444511566356,11013,2.18756751288414,3375,1.08639311424648,11010,0.993948136819964,8.38063000563199,0.512889198624418,0.504873606063475,-0.183092828606182,0.109262127425371,0.976772927516049,742,0.693819225041173,131,0.999899930794743,0.562193741208239,0.999954177318763,0,0.0173962157988106,1.28133997361497,0.290503582877751,0.225548765758192,0,1.49816578470841,-1432.34465600704,0,1,0.0171235241068218,6.41507127344684e-10,-8.53909737678365,-22.8467021208442,0.993847585749145,8.35489491626163
5.98096080669711,76.9635256089207,66.4735343509154,11588,2.37265142021971,9550,1.1589241550877,43961,0.994061624475076,8.3936259253326,0.512003555867985,0.517284690039642,-0.19529475325107,0.113797991875283,0.977001668216861,744,0.696995119013343,131,0.9998999616141,0.548975404118513,0.999954177318763,0,0.0160163274521364,1.2793103662967,0.288521274667183,0.221641475386055,0,1.55445326874332,-1421.61814025153,0,1,0.0201899807006978,6.60308097333978e-10,-4.96342231608128,-27.4285178818123,0.993945384468709,8.36346891559961
1.60924562404871,5.5640934871096,109.930003504204,11012,2.30622507886839,43534,1.41562442919312,35899,0.984488603828131,8.11174917921682,0.0233875303634819,0.0264813644277892,-0.481638117415068,0.23795491160614,0.928858139868638,870,0.703990199820112,118,0.953463365838602,0.051945109049241,0.999954177318763,0,0.100042941334516,0.977678351841893,0.00812156774657676,0.521849490227041,0,0.663940533423257,-1543.94342291626,0,1,0.00908376838632008,6.77848645568201e-10,-6.91330645296143,-15.7506373633948,0.98435038910205,8.09616727724618
4.88790715372907,51.4472759905422,161.907737342726,21974,2.35198143921208,51315,1.32873896010679,21971,0.985825945706942,8.19445568546396,0.0435303072559778,0.0369852235403606,-0.467236682842256,0.223884056148268,0.935850118229107,830,0.704917479862807,121,0.968524728514369,0.0552043385193385,0.999954177318763,0,0.0744883109305007,0.985554669989493,0.0158548831259169,0.517780633978078,0,0.895643317274027,-1522.8165447955,0,1,0.0108389870100882,6.74997961617632e-10,-8.49587556410775,-16.4614665078633,0.985674873872118,8.17656185123648
5.58955669710807,69.5201333296114,109.773607824257,46584,2.47785003864662,24982,1.32807450510657,24986,0.993864230729181,8.37111298118476,0.522499868513865,0.491332918960811,-0.17223489452935,0.105462708740967,0.976674147442799,746,0.699426820782615,127,0.999899908459199,0.60395428937063,0.999954177318763,0,0.0146223787452015,1.28805157625972,0.297948653911709,0.208510119267584,0,2.01150203128626,-1411.35577925423,0,1,0.0258035813984805,6.97533276321039e-10,-4.41190676879901,-32.1622081133346,0.993707871600547,8.33162293856686
5.6596546803653,70.9761439188807,140.474426202042,11583,2.20541086233712,22256,1.20202829602635,11578,0.993854873954358,8.3694156554957,0.52013769024826,0.483700288639649,-0.174886993524802,0.107128015352053,0.976491686690342,752,0.698586781329929,133,0.999899978635202,0.594602029766678,0.999954177318763,0,0.013492621179121,1.28587710674414,0.295158695718285,0.213257221528175,0,1.92166987816974,-1403.89673475386,0,1,0.0242002296611712,6.91169000423351e-10,-4.67225460083657,-30.2899556361092,0.993708184508539,8.33239616650876
6.00202054794521,75.1672594687457,81.6823855225482,36656,2.13727822471034,10126,1.47167095094398,36654,0.993696736411539,8.36846830286401,0.489838689829396,0.455255182368411,-0.206553613017315,0.114857834482104,0.97467096474012,748,0.693766931221087,119,0.99989997304078,0.509503223544961,0.999954177318763,0,0.0187588159993622,1.2547815645066,0.263664381701904,0.22791572645656,0,1.32323339490163,-1431.42477671999,0,1,0.0163812006075293,6.29034926302245e-10,-7.42628985823838,-23.7539429593751,0.993597151506962,8.34375997618796
5.98433885083714,77.7452918819815,69.4798915888404,5833,2.49622077523397,43966,1.37322927892762,11454,0.994246454607774,8.38347045592977,0.539798763845388,0.567428273180546,-0.177407518916704,0.106896254294844,0.978272339651216,750,0.69696894392083,135,0.999899659615896,0.617484996267591,0.999954177318763,0,0.0135210286560262,1.30851203935852,0.317175021243157,0.205336842996928,0,1.51958518767841,-1418.41442389973,0,1,0.0205561191341856,6.70749951805716e-10,-3.81937228931423,-28.1232713942874,0.994132106326381,8.35258527698351
5.74692827245053,57.4890580408605,127.865584029071,5972,2.46433931588905,20055,1.45037696558348,20050,0.982698192614404,7.94371505164866,0.0478286667476929,0.0112248500150029,-0.467523182184011,0.223675399345584,0.912575960258769,858,0.694877802223701,136,0.999896480131284,0.0408188502187467,0.999954177318763,0,0.0759948969954978,0.972867595921808,0.00615255145681555,0.483358259025635,0,2.86186777001385,-1466.91416360843,0,1,0.0342061823754545,3.28427628273135e-10,-10.3661116219125,-35.117693530778,0.982093420565568,7.87773135160173
7.90978786149163,137.280431460543,149.410617777278,43258,2.54039687106631,11574,1.67825570050664,11570,0.985117532618754,8.13528969102206,0.0495217038567624,0.0302185790431064,-0.460836098802968,0.221869410557933,0.931837512186357,802,0.704916090317694,116,0.988460302686602,0.0493334399343515,0.999954177318763,0,0.0815993574216989,0.982827829239924,0.0116110582254807,0.500350834495299,0,0.68664482911711,-1524.80489363699,0,1,0.0120292816462073,7.13066238013045e-10,-2.75290970068068,-18.8086243021985,0.984941771876029,8.11488765067162
